id;Lauseet;Kategoria
3-12596375;Zaporižžjan ydinvoimala menetti hetkeksi yhteyden sähköverkkoon – Säteilyturvakeskus kertoo, miksi ydinonnettomuudelta vältyttiin;Muu
3-12596375;Kansainvälisen atomienergiajärjestö (IAEA) on huolissaan sodankäynnistä ydinvoimalan lähistöllä ja toivoo voivansa lähettää tarkastajat alueelle mahdollisimman pian.;Muu
3-12596375;Eteläisessä Ukrainassa Venäjän miehittämällä alueella sijaitseva Zaporižžjan ydinvoimalaitos menetti eilen hetkeksi aikaa yhteyden sille sähköä tarjoavaan sähköverkkoon.;Muu
3-12596375;Katkos herätti huolta ydinonnettomuuden uhasta, sillä voimala tarvitsee jatkuvasti energiaa ydinreaktoreiden jäähdyttämiseen.;Korrelaatio/kaussatio
3-12596375;Säteilyturvakeskuksen (STUK) ydinvoimalaitosten valvontaosaston johtaja Tapani Virolainen sanoo, että onnettomuusriskiä ei syntynyt eivätkä säteilyarvot nousseet, sillä ydinvoimalan turvajärjestelmät toimivat asianmukaisesti.;Korrelaatio/kaussatio
3-12596375;– Tämän tapahtuman takia ei tarvitse olla huolissaan ydinonnettomuudesta.;Muu
3-12596375;Sähköverkkoyhteyden katkeaminen ydinvoimalaan on yksi perustapahtuma, joka ydinvoimalaitoksen suunnittelussa otetaan huomioon.;Lait/toimintasäännot
3-12596375;Ydinvoimalassa lähti eilen välittömästi käyntiin voimalan varajärjestelmät eli dieselkäyttöiset generaattorit, joilla saatiin tuotettua sähköä ydinvoimalan jäähdytys- ja turvajärjestelmille.;Muu
3-12596375;Myöhemmin eilen sähköverkkoyhteys ydinvoimalaan saatiin palautettua.;Muu
3-12596375;– Ydinvoimalaitos pystyy menemään turvalliseen tilaan ilman ulkoista sähköverkkoyhteyttä.;Muu
3-12596375;Mieluummin tietenkin sähkö halutaan ydinvoimalan ulkopuolelta, koska silloin ei olla dieselin varassa.;Muu
3-12596375;Toisaalta juuri tällaisia tilanteitahan varten ne varageneraattorit siellä on, Virolainen kertoo.;Muu
3-12596375;Ydinvoimala saa tavanomaisesti käyttämänsä sähkön lähistöllä sijaitsevalta Zaporižžjan lämpövoimalaitokselta, josta sähkönsyöttö ydinvoimalaan katkesi voimalaitoksen lähistöllä tapahtuneiden räjähdysten vuoksi.;Korrelaatio/kaussatio
3-12596375;Voimalaitoksesta ydinvoimalaan kulkevista neljästä sähkölinjasta kolme oli katkennut jo aiemmin.;Muu
3-12596375;Ukraina ja Venäjä syyttävät eilisistä vahingoista toisiaan.;Muu
3-12596375;[Institute for the Study of War (ISW)](https://www.understandingwar.org/backgrounder/russian-offensive-campaign-assessment-august-25) -ajatushautomon arvion mukaan Venäjä on todennäköisemmin räjähdysten takana.;Ennuste
3-12596375;Zaporižžjassa riittää polttoainetta;Muu
3-12596375;Virolainen kertoo, että Fukushiman ydinvoimalaonnettomuuden jälkeen EU:n stressitesteissä käytiin läpi, kuinka pitkään ydinvoimalaitokset voivat toimia turvallisesti ilman yhteyttä sähköverkkoon.;Lait/toimintasäännot
3-12596375;Säteilyturvakeskuksen tutkimien raporttien perusteella Zaporižžjan voimalaitoksella on ydinvoimalan pyörittämiseen tarpeeksi dieselöljyä seitsemästä yhdeksään vuorokauteen, jos ydinvoimalan kaikki kuusi reaktoria olisivat käynnissä.;Määrä
3-12596375;Viime aikoina ydinvoimala on toiminut huomattavalla vajaateholla ja enintään kaksi reaktoria on ollut yhtä aikaa käynnissä.;Määrä
3-12596375;Tämä vähentää jälkilämpöä ydinpolttoaineesta ja siten jäähdytykseen tarvittavaa energiamäärää.;Korrelaatio/kaussatio
3-12596375;– Oletettavasti ydinvoimala pystyisi toimimaan viikkokaupalla ilman, että sinne edes tuotaisiin yhtään lisää dieselöljyä.;Muu
3-12596375;Ei tästä sähkökatkosta siksi koitunut säteilyturvallisuuden riskiä.;Korrelaatio/kaussatio
3-12596375;Tässä toimitaan silti sota-alueella, joten turvallisuustilanteen kehittymistä on vaikea ennakoida, Virolainen muistuttaa.;Muu
3-12596375;Reaktori saatiin tänään kytkettyä sähköverkkoon;Muu
3-12596375;Zaporižžjan ydinvoimalaa Venäjän miehityshallinnon keskellä operoiva ukrainalainen energiayhtiö Energoatom ilmoitti eilen, että voimalan kaksi toiminnassa olevaa reaktoria kytkettiin irti päälinjoista, jotka vievät sähköä Ukrainan kantaverkkoon.;Muu
3-12596375;Tänään yhtiö tiedotti yhden reaktorin olevan kytkettynä jälleen takaisin verkkoon.;Muu
3-12596375;Virolainen sanoo, että ydinvoimala ei voi syöttää sähköä Zaporižžjan lämpövoimalaitokselta tulevan sähkölinjan kautta Ukrainan sähköverkkoon.;Muu
3-12596375;– Ydinvoimalaitoksille rakennetaan nämä niin kutsutut varasyöttöyhteydet.;Lait/toimintasäännot
3-12596375;Ne ovat alemmalla jännitetasolla ja niihin laitokset eivät voi syöttää sähköä, vaan ne voivat ainoastaan saada sähköä sitä kautta.;Muu
3-12596375;Ydinvoimalaitos syöttää tuottamaansa sähköä verkkoon päälinjojen kautta..;Muu
3-12596375;Energoatom kertoi tänään aikovansa lisätä reaktorin tehoa saatuaan uudelleenkytkettyä ydinvoimalan päälinjaan.;Ennuste
3-12596375;On kuitenkin epävarmaa, kuinka luotettavasti ennen Venäjän hyökkäystä noin viidenneksen Ukrainan sähköstä tuottanut ydinvoimala pystyy jatkossa sähköä tuottamaan.;Muu
3-12596375;Yhdistääkö Venäjä ydinvoimalan kantaverkkoonsa?;Ei_tarkistettavissa_oleva_väite
3-12596375;Energoatomin johtaja Petro Kotinin mukaan Venäjän suunnitelma on katkaista ydinvoimala lopullisesti Ukrainan kantaverkosta ja kytkeä ydinvoimala Venäjän sähköverkkoon.;Muu
3-12596375;Zaporižžjan ydinvoimalan tuottamaa sähköä Venäjä voisi hyödyntää esimerkiksi miehittämällään Krimin niemimaalla.;Ennuste
3-12596375;Tapani Virolaisen mukaan mitään teknistä estettä ydinvoimalan kytkemiseksi Venäjän hallinnoimaan sähköverkkoon ei ole, jos sähkön siirtolinjat ovat paikallaan.;Muu
3-12596375;– Ei siihen laitoksen puolesta ole mitään estettä.;Muu
3-12596375;Ydinvoimalaitos ei näe, minne se tuottaa sähköä.;Muu
3-12596375;Täytyisi vain tuntea olemassa olevat siirtolinjat, jotta voisi arvioida tämän suunnitelman aikataulua.;Muu
3-12596375;IAEA vaatii pääsyä ydinvoimala-alueelle;Muu
3-12596375;Ukrainan presidentti Volodymyr Zelenskyi varoitti eilen, että ilman ydinvoimalan dieselgeneraattoreiden käynnistymistä säteilyonnettomuus olisi tapahtunut eilen.;Korrelaatio/kaussatio
3-12596375;Hän keskusteli myös puhelimitse Yhdysvaltain presidentti Joe Bidenin kanssa, joka yhtyi Ukrainan vaatimukseen palauttaa ydinvoimala-alue välittömästi Ukrainan täyteen hallintaan.;Muu
3-12596375;Kansainvälinen atomienergiajärjestö (IAEA) on varoittanut viikkoja ydinkatastrofin vaarasta ydinvoimalan alueella ja vaatinut päästä vierailemaan ydinvoimalassa tarkastaakseen sen turvallisuuden.;Muu
3-12596375;Toistaiseksi IAEA:n tarkastajien pääsyä alueelle ei ole saatu järjestettyä, vaikka molemmat osapuolet ovat näyttäneet alustavasti tarkastajille vihreää valoa.;Muu
3-12596375;Voit keskustella aiheesta lauantaihin 27.8 kello 23:een asti.;Ei_tarkistettavissa_oleva_väite
3-11270154;"Kuntaliiton ensiarvio: Koronavirus heikentää kuntataloutta tänä vuonna vähintään 1,5 miljardilla eurolla – Kunnanjohtaja: ""Aikamoinen pommi""
 Puolentoista miljardin euron vaikutuksesta noin puolet on menojen lisäyksiä ja puolet menetettyjä tuloja.";Korrelaatio/kaussatio
3-11270154;Koronaviruksen aiheuttama poikkeustilanne vaikuttaa myös kuntatalouteen, kun kuntien menot kasvavat ja tulot vähenevät.;Korrelaatio/kaussatio
3-11270154;Odotettavissa on myös verotuottojen notkahtaminen.;Ennuste
3-11270154;Kuntaliiton ensiarvion mukaan koronavirus heikentää kuntataloutta tänä vuonna vähintään 1,5 miljardilla eurolla.;Ennuste
3-11270154;– Puolentoista miljardin vaikutuksesta noin puolet on menojen lisäyksiä ja puolet menetettyjä tuloja, Kuntaliiton varatoimitusjohtaja Timo Reina sanoo.;Määrä
3-11270154;Reina korostaa kuitenkin, että tässä vaiheessa arvioihin liittyy vielä suuria epävarmuuksia.;Muu
3-11270154;Etenkin kuntien teveydenhuollon ja sosiaalipalvelujen menoihin kohdistuu nyt mittavat nousupaineet.;Määrä
3-11270154;Kunnanjohtaja: Tulot ja menot katsottava uusiksi;Muu
3-11270154;Varsinais-Suomessa sijaitsevan Nousiaisten kunnanjohtaja Teemu Heinonen kuvailee koronan vaikutuksia aikamoiseksi pommiksi.;Henkilökohtainen_kokemus
3-11270154;Heinosen mukaan Nousiaisissakin joudutaan miettimään sekä tulo että menopuoli uudestaan.;Lait/toimintasäännot
3-11270154;– Terveydenhuollon menoihin kohdistuu nousupaineita niin perusterveydenhuollossa kuin erikoissairaanhoidossakin.;Määrä
3-11270154;Kuten monissa muissakin kunnissa myös Nousiaisissa harkitaan henkilöstön lomautuksia.;Korrelaatio/kaussatio
3-11270154;Tulopuolen vajauksia on hankala ennakoida, koska ei ole tietoa vaikean tilanteen kestosta, Heinonen sanoo;Muu
3-11270154;Kuntaliiton varatoimitusjohtaja Timo Reina sanoo, että valtion uskottava osallistuminen kuntien taakanjakoon olisi nyt ensiarvoisen tärkeää, jotta kunnat voivat kriisitilanteessa keskittyä palvelujensa turvaamiseen.;Muu
3-11270154;– Näin myös paine lomautuksiin ja irtisanomisiin kunnissa vähenisi.;Muu
3-11270154;Hallitus on jo vedonnut kuntiin, jotta nämä eivät lomauttaisi tai irtisanoisi henkilöstöään.;Muu
3-11270154;Hallitus on lupaillut konkretiaa kuntatalouden tukemiseen jo lähiaikoina.;Muu
3-11270154;Pohdinnassa on tiettävästi esimerkiksi valtionosuuksien ja harkinnanvaraisten avustusten määräaikainen korottaminen.;Muu
3-11270154;Reinan mukaan valtionosuusrahoituksen lisääminen ja yhteisövero-osuuden kasvattaminen olisivat nopeavaikutteisia keinoja auttaa kuntia.;Muu
3-11270154;Kunnille on siis myös tarkoitus kompensoida valtion päättämistä verojen maksulykkäyksistä johtuvat menetykset.;Muu
3-11270154;– On välttämätöntä, että valtio ei omilla päätöksillään heikennä verotulojen kertymää, kun jo taloustilanne itsessään niitä alentaa merkittävästi, Reina sanoo.;Muu
3-11270154;Kuntarahoitus on jo nostanut valmiuttaan;Lait/toimintasäännot
3-11270154;Kuntien rahoitusta hoitavan Kuntarahoituksen toimitusjohtajan Esa Kallion mukaan Kuntarahoitus on jo nostanut valmiuttaan koronaviruksen aiheuttaman kurjistuvan kuntatalouden takia.;Lait/toimintasäännot
3-11270154;– Olemme vahvistaneet meidän jo entisestään vahvaa rahoitusasemaamme.;Muu
3-11270154;Kallion mukaan viimeksi vastaavanlaiseen tilanteeseen jouduttiin finanssikriisin aikaan vuonna 2008 ja sen jälkimainingeissa.;Muu
3-11270154;– Kuntarahoitus pystyy hoitamaan perustehtävänsä eli turvaamaan kuntien rahoituksen.;Muu
3-11270154;Juttuun lisätty Nousiaisten kunnanjohtajan Teemu Heinosen kommentit 21.19;Ei_tarkistettavissa_oleva_väite
3-12523542;Koronatestien määrä on kutistunut murto-osaan epidemian huippulukemista – testissä käydään etenkin kahdesta syystä;Määrä
3-12523542;Kotitestaamisen kasvanut merkitys on vähentänyt terveydenhuollossa tehtävien koronavirustestien määrää.;Korrelaatio/kaussatio
3-12523542;Positiivisten testien osuuden kasvaminen tehdyistä testeistä selittynee kotona todetun koronan varmistamisella terveydenhuollossa.;Korrelaatio/kaussatio
3-12523542;Terveydenhuollossa tehtyjen koronavirustestien määrä on vähentynyt kevään ja kesän aikana murto-osaan alkuvuoteen verrattuna.;Määrä
3-12523542;Otettujen koronatestien huippu oli tämän vuoden ensimmäisellä viikolla, jolloin Suomessa otettiin yli 201 000 koronatestiä.;Määrä
3-12523542;Viime viikolla niitä tehtiin vajaat 27 000 kappaletta, ilmenee Terveyden ja hyvinvoinnin laitoksen [tilastoista](https://sampo.thl.fi/pivot/prod/fi/epirapo/covid19case/summarytshcdweekly).;Määrä
3-12523542;Tehtyjen testien määrät ovat vähentyneet niin julkisessa kuin yksityisessä terveydenhuollossa.;Määrä
3-12523542;Terveystalon aluejohtaja Kimmo Rusanen kertoo, että Kokkolassa tehdään tällä hetkellä vain yksittäisiä koronatestejä viikossa, eikä niitä välttämättä osu edes joka päivälle.;Määrä
3-12523542;Rusasen vastuulla ovat Keski-Pohjanmaan, Pohjois-Pohjanmaan eteläosien ja Kainuun alueet.;Muu
3-12523542;– Hiihtolomien jälkeen näkyi pieni piikki Kokkolan testausmäärissä, mutta sieltä on tultu koko ajan alaspäin.;Määrä
3-12523542;Testauskäytäntöjen muuttumista ilmentää Rusasen mukaan myös se, että positiivisten koronavirustestien osuus on kasvanut.;Korrelaatio/kaussatio
3-12523542;– Se kertoo siitä, että kotitestillä saatu positiivinen tulos tullaan varmistamaan terveydenhuollossa.;Muu
3-12523542;Testausmäärien valtakunnallinen vähentyminen on huomattu myös Mehiläisessä.;Määrä
3-12523542;– Hengitystieoireiden esiintyvyys sekä viranomaisten ohjeistus vaikuttavat koronatestaustarpeeseen, Mehiläisen liiketoimintajohtaja Johanna Asklöf kommentoi Ylelle sähköpostitse.;Korrelaatio/kaussatio
3-12523542;Positiivisten koronatestien osuus laski Mehiläisessä kesäkuussa alle 40 prosenttiin, kun se oli maaliskuussa yli 60 prosenttia.;Määrä
3-12523542;– Viimeisen kahden viikon aikana positiivisten näytteiden osuus on ollut jälleen kasvussa, Asklöf toteaa.;Määrä
3-12523542;Terveydenhuollossa tehdyt koronatestit ovat vähentyneet, koska kotitestaamisen merkitys on kasvanut.;Korrelaatio/kaussatio
3-12523542;– Kotitesteihin luotetaan enemmän, ja luotetaan siihen tulokseen.;Muu
3-12523542;Se on muuttanut varmasti merkittävimmältä osaltaan tätä tilannetta, Terveystalon Rusanen toteaa.;Muu
3-12523542;Suurimmat syyt hakeutumiseen terveydenhoidossa tehtävään koronatestiin ovat hänen mukaansa tartuntatautipäivärahan hakeminen ja virallisen koronatodistuksen hakeminen ulkomaille matkustamista varten.;Korrelaatio/kaussatio
3-12523542;Testausmäärät laskevat aina kesäisin;Määrä
3-12523542;Terveyden ja hyvinvoinnin laitoksen (THL) johtava asiantuntija Carita Savolainen-Kopra kertoo, että tehtyjen koronatestien määrät laskevat aina kesäisin, mutta tänä vuonna lasku on ollut suurempaa kuin viime vuonna.;Määrä
3-12523542;– Viime kesänä oli käytössä toisenlainen testausstrategia, jossa kannustettiin lähinnä kaikkia oireisia testaukseen.;Lait/toimintasäännot
3-12523542;Tänä kesänä on totuttu käyttämään kotitestejä.;Muu
3-12523542;Helmikuusta voimaan astunut, ja kesäkuussa tarkennettu, kotitestaamista suosiva kansallinen testausstrategia on vähentänyt terveydenhuollossa tehtyjä koronatestejä, sillä pääsääntöisesti lieväoireisilla henkilöillä ei ole tarvetta hakeutua terveydenhuollon tekemään koronatestiin.;Korrelaatio/kaussatio
3-12523542;Savolainen-Kopra arvelee, että terveydenhuollon tekemien koronavirustestien määrät nousevat jälleen kohti syksyä, kun tapausmäärät lisääntyvät.;Ennuste
3-12523542;– Kun lomat päättyvät, testiin hakeudutaan hanakammin.;Muu
3-12523542;Jokainen aalto on näkynyt lisääntyneenä testausmääränä.;Korrelaatio/kaussatio
3-12523542;Testausmäärät nousevat, sillä tapausmäärien kasvaessa nousevat myös riskiryhmäläisten ja sairaalahoitoa vaativien tapausten määrät, joista otetaan yhä koronatestejä terveydenhuollossa.;Korrelaatio/kaussatio
3-12523542;Korona ei ole kadonnut mihinkään;Muu
3-12523542;THL:n Savolainen-Kopra toteaa pitävänsä todennäköisenä, että uusi koronavirusaalto tulee jälleen.;Ennuste
3-12523542;– Mutta millä aikataululla, sitä on vaikeaa ennustaa.;Muu
3-12523542;Erikoissairaanhoidon tarpeessa näkyy pientä nousua THL:n viime viikon tilastoissa, mutta seurantatietoa tarvitaan useammalta viikolta ennen kuin tavanomainen viikoittainen vaihtelu saadaan suljettua pois.;Korrelaatio/kaussatio
3-12523542;– Tällä hetkellä ei ole mittaria, joka näyttäisi vahvaa nousua, Savolainen-Kopra valaisee.;Muu
3-12523542;Koronatilanne voi kuitenkin vaihdella alueittain.;Muu
3-12523542;Hän kertoo, että pääkaupunkiseudulla on havaittu viitteitä siitä, että positiivisten testien osuus olisi nousussa.;Muu
3-12523542;– Tähän saattaa vaikuttaa testien alhainen määrä, ja se että positiivisia testituloksia varmistetaan terveydenhuollon testillä.;Korrelaatio/kaussatio
3-12523542;Myös Etelä-Pohjanmaan sairaanhoitopiirin alueella tehtyjen testien määrät ovat vähentyneet huomattavasti kevään aikana alkuvuoden huipusta, jolloin testejä tehtiin tuhansia viikossa.;Määrä
3-12523542;Nyt puhutaan vain sadoista testeistä viikossa.;Määrä
3-12523542;Tosin edellisen viikon aikana sairaanhoitopiiri on havainnut pientä testausmäärän ja todettujen koronatapausten kasvua.;Määrä
3-12523542;Näyttää siltä, että korona nostaa jälleen päätään vähentyneestä testaamisesta huolimatta, toteaa infektioylilääkäri Elina Kärnä.;Muu
3-12523542;Nousu on ollut hänen mukaansa toistaiseksi lievää.;Määrä
3-12523542;– Tartuntoja on todettu enemmän kuin edeltävinä viikkoina, ja testipositiivisten osuus on myös hienoisessa kasvussa.;Määrä
3-12523542;37 prosenttia koronatesteistämme on positiivisia.;Määrä
3-12523542;Oikaisu 7.7.2022 kello 15.44: Jutussa käytetty THL:n data kuvasi aikaisemmin vain osan viime viikon koronatesteistä, ja se oli päivitetty 30.6.;Muu
3-12523542;Sen perusteella jutussa kerrottiin aikaisemmin virheellisesti, että testejä on tehty Suomessa viime viikolla vajaat 10 000 kappaletta.;Muu
3-12523542;Tänään päivittyneiden tietojen perusteella Suomessa tehtiin viime viikolla yhteensä noin 26 700 koronatestiä.;Määrä
64-3-188395;Thaimaa toivoo Iranilta apua panttivankiensa vapauttamiseksi;Muu
64-3-188395;Thaimaa vetoaa Iranin, Qatarin ja Egyptin hallituksiin, jotta he voisivat ottaa yhteyden terroristijärjestö Hamasiin thaimaalaispanttivankien vapauttamiseksi.;Muu
64-3-188395;Thaimaan ulkoministerinParnpree Bahiddha-NukaranmukaanIran on jo luvannut auttaa neuvotteluissa.;Muu
64-3-188395;Yli 240 Hamasin kidnappaaman ihmisen joukossa on ainakin 23 Thaimaan kansalaista.;Määrä
3-11766514;Hautajaisista tuli koronalinko Vaasassa: 20 vierasta sairastui, kun tapahtumaan matkattiin ulkomaita myöten – jatkotartunnat veivät oppilaita etäopetukseen;Määrä
3-11766514;Vaasan sairaanhoitopiirin alueella on tähän mennessä todettu kahdeksan virusmuunnostapausta.;Määrä
3-11766514;Kahdessa pohjalaisessa hoivakodissa on jo yhteensä 20 tartuntaa.;Määrä
3-11766514;Koronatilanne Vaasan sairaanhoitopiirin alueella on heikentynyt nopeasti.;Määrä
3-11766514;Yksi suurimmista ketjuista syntyi, kun Vaasan kaupungin alueella järjestettiin tammikuun puolessa välissä hautajaiset, joihin vieraita saapui aina ulkomaita myöten.;Korrelaatio/kaussatio
3-11766514;Vaasan kaupungin johtavan ylilääkärin Heikki Kaukorannan mukaan noin 30 hautajaisvieraasta kahdellakymmenellä on todettu myöhemmin koronavirustartunta.;Määrä
3-11766514;Lisäksi hautajaisvieraat ovat tahoillaan tartuttaneet lähipiiriinsä kuuluvia henkilöitä.;Muu
3-11766514;– Tästä ketjusta pulpahtelee koko ajan uusia tapauksia, Kaukoranta sanoo.;Muu
3-11766514;Hänen mukaansa juuri tämä ketju on aiheuttanut altistumisia perusopetuksessa sekä toisella asteella Vaasassa.;Muu
3-11766514;Tällä hetkellä karanteenissa on 86 oppilasta ja henkilökunnan jäsentä Onkilahden yhtenäiskoulussa sekä 80 Teeriniemen päiväkodissa.;Määrä
3-11766514;Onkilahden yhtenäiskoulussa on todettu kolme tartuntaa sunnuntaina.;Määrä
3-11766514;Aiemmin Yle on uutisoinut altistumisista muun muassa alueen lukioissa.;Muu
3-11766514;Kaukorannan mukaan hautajaisiin saapui vastoin suosituksia vieraita myös ulkomailta.;Muu
3-11766514;Osa sairastuneista on taustaltaan ulkomaalaisia.;Muu
3-11766514;Johtavan ylilääkärin mukaan eristysohjeiden antaminen sekä karanteenin valvominen ovat tuottaneet vaikeuksia hoitohenkilökunnalle, sillä osan kanssa ei ole löytynyt yhteistä kieltä.;Muu
3-11766514;– Korjaavat liikkeet on aloitettu.;Muu
3-11766514;Olemme olleet yhteyksissä eri uskontokuntien ja kansallisuuksien edustajiin, Kaukoranta sanoo.;Muu
3-11766514;Maanantaina Vaasan kaupunki tiedotti, että lauantaina myös Vaasan vastaanottokeskuksessa on todettu yksi koronavirustartunta.;Määrä
3-11766514;Kymmenen henkilöä on asetettu karanteeniin.;Määrä
3-11766514;Heistä kahdeksan on asiakkaita ja kaksi työntekijöitä.;Määrä
3-11766514;Virusmuunnoksia jo kahdeksan Pohjanmaalla;Määrä
3-11766514;Pohjanmaalla on maanantaihin mennessä todettu yhteensä kahdesan virusmuunnostapausta.;Määrä
3-11766514;Virusmuunnoksia ei ole todettu hautajaisiin osallistuneilla henkilöillä.;Muu
3-11766514;Virusmuunnostapauksista neljä on todettu vaasalaislla.;Määrä
3-11766514;Vaasassa sijaitsevassa Attendo Kaarlentuvan hoivakodin yhdessä yksikössä on puolentoista viikon kuluessa todettu yhteensä 11 koronavirustartuntaa.;Määrä
3-11766514;Yksi tartunnoista todettiin hoitohenkilökunnan jäsenellä, kymmenen asukkailla.;Määrä
3-11766514;Heikki Kaukorannan tietojen mukaan sairastuneet voivat hyvin.;Muu
3-11766514;Heitä kaikkia hoidetaan Kaarlentuvalla.;Muu
3-11766514;– Kaupunki on valmiudessa tarjoamaan tukea, jos tilanne alkaa asukkaiden kohdalla vaikeutumaan.;Muu
3-11766514;Uudessakaarlepyyssä yhdeksän tartuntaa;Määrä
3-11766514;Tilanne on hankala myös Pohjanmaalla Uudessakaarlepyyssä sijaitsevassa vanhusten palveluasumisyksikössä Hakalehdossa.;Muu
3-11766514;Maanantaina puoleen päivään mennessä hoivakodissa oli kirjattu yhdeksän tartuntaa, joista viisi on asukkailla ja loput henkilökunnalla.;Määrä
3-11766514;– Hoitohenkilökuntaa on paljon karanteenissa, mutta en tiedä tarkkaa määrää, sanoo vt.;Määrä
3-11766514;sosiaali- ja terveysjohtaja Pia-Maria Sjöström Pietarsaaren sosiaali- ja terveysvirastosta, jonka hallintoon Hakalehto kuuluu.;Muu
3-11766514;Koronaketju syntyi, kun oireeton paikalla ollut tartutti viruksen.;Korrelaatio/kaussatio
3-11766514;Medialle ei kommentoida, oliko viruksen kantaja oma asukas.;Lait/toimintasäännot
3-11766514;Sjöström sanoo, ettei tiedä, miten tartunta on voinut tapahtua.;Henkilökohtainen_kokemus
3-11766514;Hakalehdossa on samat ohjeet kuin muissakin Pietarsaaren sosiaali- ja terveysviraston hallinnoimissa palveluasumisyksiköissä: Vieraita saa olla vain rajoitetusti ja henkilökunta on käyttänyt maskia.;Lait/toimintasäännot
3-11766514;– Moni asukkaista on muistisairaita ja yleensä on todella haasteellista saada heidät noudattamaan ohjeita.;Muu
3-11766514;Koronaan sairastuneet ovat eristyksissä omissa huoneissaan, ja niihin mennään vain suojavaatteilla.;Lait/toimintasäännot
3-11766514;Kaikki asukkaat ovat karanteenissa.;Muu
3-11766514;Heidät on kaikki testattu koronaviruksen varalta.;Muu
3-11766514;Hautajaisketju toi koronan myös Vaasan Kaarlentupaan;Muu
3-11766514;Vaasassa Attendo Kaarlentuvan ryhmäkodissa on 11 koronatartuntaa.;Määrä
3-11766514;Esimerkiksi ryhmäkodin Idan kammari-yksikön 14:sta asukkaasta jo kymmenen on sairastunut.;Määrä
3-11766514;Tartuntaketju on osa tammikuussa hautajaisista lähtenyttä ketjua.;Muu
3-11766514;Ylelle ei kerrota, onko viruksen taloon tuonut henkilökuntaa, vieras vai asukas.;Lait/toimintasäännot
3-11766514;Attendon valmiusjohtaja Tuija Haataisen mukaan tilanne ryhmäkodissa on rauhallinen.;Muu
3-11766514;– Asukkaat voivat kohtuullisen hyvin koronaan nähden tällä hetkellä.;Muu
3-11766514;Tartuntatautilääkäri on asettanut koko Kaarlentuvan vierailukiertoon, joka kestää ainakin pari viikkoa.;Lait/toimintasäännot
3-11766514;Ryhmäkodissa on myös tehostettu siivousta.;Muu
3-11766514;– Henkilökunta käyttää aina suu-nenäsuojia ja huolehtii käsihygieniasta, mutta suojaustakin on entisestään lisätty.;Lait/toimintasäännot
3-11766514;Tavoitteena on, että ikäihmisiä yritetään suojella kaikin mahdollisin tavoin koronavirukselta.;Muu
3-11766514;Mikä meni vikaan?;Ei_tarkistettavissa_oleva_väite
3-11766514;– Korona on sellainen, että kantaja voi olla oireeton eli kuka tahansa meistä voi kantaa sitä.;Muu
3-11766514;Ihmiset suhtautuvat eri tavalla.;Muu
3-11766514;Muistaako varmasti käsihygienian, pitääkö turvaväliä, käyttääkö suu-nenäsuojainta.;Ei_tarkistettavissa_oleva_väite
3-11766514;Jossakin on sitten se heikko kohta, josta se tulee, Haatainen miettii.;Ei_tarkistettavissa_oleva_väite
3-11766514;Kolmen ensimmäisen tartunnan aiheuttama karanteeni purkautuu kohta.;Ennuste
3-11766514;Lisäkäsiä ei ole tarvittu, vaan toimintaa on pystytty pyörittämään omalla henkilökunnalla.;Määrä
3-11766514;Juttua täydennetty klo 16.11 Vaasan Kaarlentuvan tilanteella.;Ei_tarkistettavissa_oleva_väite
3-11766514;Voit keskustella aiheesta keskiviikkoon kello 23 saakka.;Ei_tarkistettavissa_oleva_väite
3-11596136;THL: Uusia koronavirustartuntoja merkittävästi enemmän – sairaalahoidossa olevien määrä kaksinkertaistunut parissa viikossa;Määrä
3-11596136;Lähes kaikki tartunnat ovat peräisin kotimaasta.;Muu
3-11596136;Uusien koronavirustartuntojen määrä on Suomessa noussut merkittävästi viime kuukauden aikana, sanoo Terveyden ja hyvinvoinnin laitos THL.;Määrä
3-11596136;Sairaalahoidossa olevien potilaiden määrä on kasvanut yli kaksinkertaiseksi syyskuun lopun tilanteeseen verrattuna.;Määrä
3-11596136;Tartunnoista valtaosa on yhä nuorilla.;Muu
3-11596136;Viime viikon aikana kaikista tapauksista yli 80 prosenttia todettiin alle 50-vuotiailla ja lähes 60 prosenttia alle 30-vuotiailla.;Määrä
3-11596136;Valtaosa uusista tartunnoista on tälläkin viikolla todettu Helsingin ja Uudenmaan sekä Vaasan sairaanhoitopiirien alueilla.;Muu
3-11596136;Tartuntalähde tiedossa noin puolessa;Määrä
3-11596136;Viikolla 41 (5.–11.10.) valtaosa uusista tartunnoista oli edelleen peräisin kotimaasta ja vain pieni osa eli alle 5 prosenttia ulkomailta.;Määrä
3-11596136;Ulkomailla tapahtuneet tartunnat aiheuttivat vain yksittäisiä jatkotartuntoja Suomessa.;Muu
3-11596136;Noin neljännes koko maan uusista tartunnoista todettiin jo karanteenissa olevilta henkilöiltä.;Määrä
3-11596136;Tartunnanlähde jäi valtakunnallisesti epäselväksi noin puolessa tartunnoista.;Muu
3-11596136;Suurin osa epäselvistä tartunnoista raportoitiin Helsingin ja Uudenmaan sekä Vaasan sairaanhoitopiirien alueilta.;Muu
3-11596136;Muualla maassa epäselvien tartunnanlähteiden osuus kaikista tartunnoista oli noin 20–25 prosenttia.;Määrä
3-11596136;Tartunnoista, joista tartunnanlähde saatiin selvitettyä, noin neljännes tapahtui perhepiirissä ja noin viidennes työpaikoilla ja harrastuksissa.;Määrä
3-11596136;Kaikista raportoiduista joukkoaltistumisista noin puolet tapahtui päiväkodeissa tai oppilaitoksissa, mutta nämä ovat edelleen aiheuttaneet vain yksittäisiä jatkotartuntoja.;Määrä
3-11596136;Joistain ravintoloissa, baareissa tai yökerhoissa sekä yksityistiloissa pidetyissä kokoontumisissa tapahtuneista joukkoaltistustilanteista on raportoitu runsaasti jatkotartuntoja.;Määrä
3-11596136;Joukkoaltistumisia sosiaali- ja terveydenhuollon yksikössä, kuten hoitokodeissa tai terveydenhuollon yksiköissä, raportoitiin seitsemässä sairaanhoitopiirissä.;Määrä
3-11596136;Epidemiologinen tilannekuva on jaettu kolmeen vaiheeseen: perustaso, kiihtymisvaihe ja leviämisvaihe.;Lait/toimintasäännot
3-11596136;Helsingin ja Uudenmaan, Kanta-Hämeen, Pirkanmaan, Varsinais-Suomen ja Etelä-Pohjanmaan sairaanhoitopiirit sekä Ahvenanmaan maakunta ovat raportoineet olevansa kiihtymisvaiheessa.;Määrä
3-11596136;Vaasan sairaanhoitopiiri on raportoinut olevansa leviämisvaiheessa.;Määrä
3-11596136;Virus tarttuu lähikontakteissa;Muu
3-11596136;THL muistuttaa, että koronavirus tarttuu varsinkin pidemmässä lähikontaktissa tehokkaasti.;Muu
3-11596136;Sosiaalisiin tapahtumiin ei tule osallistua edes lieväoireisena, vaan tulee välttää kontakteja muihin ihmisiin ja hakeutua mahdollisimman pian testiin.;Muu
3-11596136;Lähikontaktien vähentäminen on epidemiatilanteessa tärkeää myös terveille ihmisille.;Määrä
3-11596136;Jos lähikontakteja ei voi välttää, on suositeltava käyttää kasvomaskia, THL sanoo.;Muu
74-20056997;Koronan esiintyvyys lisääntynyt Pohjois-Karjalassa, mutta hoitoon joutuu lähinnä yksittäisiä potilaita;Määrä
74-20056997;Jätevesiseurannoissa määrät ovat lähteneet nousuun, mutta tämä ei välttämättä heijastu sairaaloihin tai perusterveydenhuoltoon.;Määrä
74-20056997;Tarkkaa tilannekuvaa taudista on vaikea saada selville.;Muu
74-20056997;Koronaa on enemmän liikkeellä myös Pohjois-Karjalassa, mutta sairaaloita tauti ei kuormita.;Korrelaatio/kaussatio
74-20056997;Tarkkaa tilannekuvaa taudin leviämisestä on kuitenkin vaikea saada selville.;Muu
74-20056997;Terveyden ja hyvinvoinnin laitoksen viimeisimpien [tilastojen mukaan ](https://www.thl.fi/episeuranta/tautitapaukset/koronakartta.html)Suomessa viikoittain todettujen koronatartuntojen määrä on kasvanut tasaisesti heinä-elokuusta syksyyn tultaessa.;Määrä
74-20056997;Määrät tosin ovat vuoden takaisiin lukuihin verrattuna huomattavasti pienempiä.;Määrä
74-20056997;Pohjois-Karjalassa tartuntamäärät ovat kuitenkin olleet maltilliset.;Määrä
74-20056997;Viimeisen neljän viikon seurantajakson aikana tartuntoja on todettu THL:n tilastojen mukaan alle 100.;Määrä
74-20056997;Koronan takia erikoissairaanhoidon vuodeosastojaksoja on aloitettu Pohjois-Karjalassa heinäkuun jälkeen yksi.;Määrä
74-20056997;Pohjois-Karjalassa koronan aiheuttama kuormitus sairaaloille on ollut vähäinen, kertoo infektioylilääkäri Jennifer Sieberns.;Korrelaatio/kaussatio
74-20056997;– Jätevesiseurannoissa käyrät ovat kääntyneet nousuun, mutta se ei välttämättä heijastu samalla tavalla sairaalaan tai perusterveydenhuoltoon.;Korrelaatio/kaussatio
74-20056997;Ei ole hyvää kuvaa tilanteesta, kun kaikki eivät käy ottamassa näytteitä, Sieberns toteaa.;Muu
74-20056997;Siebernsin mukaan näytteitä ei myöskään oteta terveysasemilla jos potilas on lieväoireinen eikä kuulu riskiryhmään.;Muu
74-20056997;Vierailua ei voida rajoittaa;Muu
74-20056997;Koronaa ei luokitella enää yleisvaaralliseksi tartuntataudiksi, joten vaikka korona esimerkiksi leviäisi vuodeosastoilla, ei sen takia pystytä rajoittamaan osastolla vierailua.;Lait/toimintasäännot
74-20056997;Ainoastaan suositusten tekeminen on mahdollista, kuten muidenkin infektiotautien kohdalla.;Lait/toimintasäännot
74-20056997;– Jos meillä on osastolla vaikka noro tai joku muu suolistosairaus liikkeellä, voidaan osastoilla vaikka sanoa tai laittaa kyltit, että ei suositella vierailua, koska meillä on tällainen tilanne.;Muu
74-20056997;Samalla tavalla sitä voi laittaa vaikka koronainfektionkin yhteydessä, Sieberns toteaa.;Muu
74-20056997;Pohjois-Karjalassa koronan takia tehdyistä vierailukieltosuosituksista Siebernsillä ei ole tietoa, sillä sitä ei seurata.;Muu
74-20056997;– Voi olla, että jossain on sanottu, että nyt on parempi, että ette nyt vieraile potilaan tai asukkaan luona, koska hän on koronassa.;Muu
74-20056997;Mutta sitä ei voi kieltää.;Korrelaatio/kaussatio
74-20075421;Yksi matkustajaryhmä ei enää pääse Suomeen – venäläisturistien varaan rakennettu matkailubisnes on nyt kovissa vaikeuksissa;Korrelaatio/kaussatio
74-20075421;Kaakkois- ja Itä-Suomi ovat kärsineet venäläismatkailijoiden virran loppumisesta.;Korrelaatio/kaussatio
74-20075421;Nyt alueelle pitäisi saada uusia matkailijoita muualta.;Ei_tarkistettavissa_oleva_väite
74-20075421;Hotelli- ja ravintola-alalla menee Suomessa huonosti, ja ahdinko on myös alan [yrittäjien mukaan](https://www.mara.fi/ajankohtaista/tiedotteet/maran-jasenkysely-matkailu-ja-ravintola-alan-nakymat-synkkenevat-edelleen-kustannuskehitys-kaataa-ravintoloita) kasvamassa.;Ennuste
74-20075421;Itärajan tuntumassa;Ei_tarkistettavissa_oleva_väite
74-20075421;Etelä-Karjalassa tilanne on vielä muutakin Suomea synkempi.;Määrä
74-20075421;Matkailu- ja ravintola-alan etujärjestön Maran mukaan tämä johtuu siitä, että erityisesti Etelä-Karjala nojasi niin vahvasti venäläisiin matkailijoihin.;Korrelaatio/kaussatio
74-20075421;Asian merkityksellisyydestä kertoo se, että jo ennen korona-aikaa venäläisturistit jättivät Etelä-Karjalaan [liki miljoona euroa vuorokaudessa](https://yle.fi/a/3-11263760).;Määrä
74-20075421;Kun Venäjä hyökkäsi Ukrainaan, päättyi sen seurauksena venäläismatkailu Suomeen kokonaan.;Korrelaatio/kaussatio
74-20075421;Matkailijoita riitti Venäjältä jonoksi saakka, sillä esimerkiksi Lappeenrannasta on lyhyempi matka kuuden miljoonan asukkaan Pietariin kuin Helsinkiin.;Määrä
74-20075421;Riski ravinto- ja hotellialan tilan heikkenemiseksi entisestään on Maran mukaan merkittävä, sillä investointeja oli tehty venäläisiä ajatellen.;Muu
74-20075421;– Ukrainan sodan takia kadonneet venäläisturistit on erittäin hankala saada korvattua nopeasti, Maran toimitusjohtaja Timo Lappi lisää.;Muu
74-20075421;Lappi muistuttaa, että Itä-Suomessa on upea luonto, korkeatasoiset hotellit, ravintolat ja palvelu sekä elämyksiä.;Muu
74-20075421;Uusien turistien tavoittaminen vie kuitenkin aikaa.;Muu
74-20075421;– Koko Itä-Suomen matkailumarkkinointiin pitäisi saada useita vuosia kestäviä erillismäärärahoja, jotka eivät ole keneltäkään muulta pois, Lappi toteaa.;Muu
74-20075421;Hänen mukaansa koko Järvi-Suomen on pidettävä yhtä, ja markkinointiponnistukset on laitettava nimenomaan ulkomaan matkailuun.;Muu
74-20075421;– Tämä vaatii lentoliikenteen säilyttämistä ja lentokapasiteetin lisäämistä esimerkiksi Joensuussa ja Savonlinnassa, vaikka kentät eivät olisikaan kannattavia, Lappi painottaa.;Muu
74-20075421;Suomea auttaa myös se, kun Etelä- ja jopa Keski-Eurooppa muuttuvat tulevaisuudessa säätilaltaan niin kuumiksi, että matkailu suuntautuu viileämpään pohjoiseen.;Korrelaatio/kaussatio
74-20075421;– Se on inhottava syy, mutta se voi auttaa meitä, Lappi toteaa.;Muu
74-20075421;Valoa Kymenlaaksossa;Ei_tarkistettavissa_oleva_väite
74-20075421;Maran hallituksen jäsen, kouvolalainen yrittäjä Susanna Kurvinen vahvistaa, että Kymenlaaksossa venäläisturistien puuttuminen ei näy samalla tavalla kuin pohjoisempana Etelä-Karjalassa.;Muu
74-20075421;Hänellä on useita ravintoloita, ja hän on myös parhaillaan perustamassa uutta ravintolaa.;Muu
74-20075421;– Tilanne on haastava monille, mutta toivottavasti olemme sinnikkäitä ja pystymme näkemään valoa tulevaisuudessa, Kurvinen sanoo.;Muu
74-20075421;Hän kokee itsekin joutuvansa tekemään aiempaa enemmän töitä.;Henkilökohtainen_kokemus
74-20075421;Lisäksi ravintolatyö on jo valmiiksi muutenkin haastavaa.;Henkilökohtainen_kokemus
74-20075421;– Arvostani omia työntekijöitäni, jotka tekevät kovasti töitä ja ovat myös valmiita joustamaan.;Henkilökohtainen_kokemus
74-20075421;Yrittäjällä on oltava hyvä henkilökunta, että pärjää tässä ajassa, Kurvinen kertoo.;Henkilökohtainen_kokemus
74-20075421;Hän iloitsee siitä, että asiakkaat ovat pysyneet.;Henkilökohtainen_kokemus
74-20075421;Laadusta ja palvelusta on mahdotonta tinkiä, jos aikoo pärjätä.;Henkilökohtainen_kokemus
74-20075421;– Säästämällä ei menesty.;Henkilökohtainen_kokemus
74-20075421;Meidän on vain pakko yrittää saada aiempaa enemmän asiakkaita kotisohvilta tänne.;Henkilökohtainen_kokemus
74-20075421;Pahimmat kilpailijamme eivät ole muut ravintolat, vaan se, jos ihmiset jäävät kotiin.;Henkilökohtainen_kokemus
74-20075421;Kymenlaaksossa hintataso ravintoloissa on Kurvisen mielestä maltillinen.;Henkilökohtainen_kokemus
74-20075421;– Kaikkia kuluja ei pystytä millään saamaan kuluttajahintoihin.;Henkilökohtainen_kokemus
74-20075421;Haluan osaltani myös virkistää Kouvolan kaupunkia ravintoloillani, Kurvinen kertoo.;Henkilökohtainen_kokemus
64-3-193118;Biden sanoo olevansa tulitauosta äärimmäisen mielissään;Henkilökohtainen_kokemus
64-3-193118;Yhdysvaltain presidenttiJoe Bidensanoo Israelin ja Hamas-terrorijärjestön tulitaukosopimuksen olevan erittäin tervetullut,Valkoisen talon tiedote kertoo (https://www.whitehouse.gov/briefing-room/statements-releases/2023/11/21/statement-from-president-joe-biden-on-the-hostage-release-in-gaza/) .;Muu
64-3-193118;Biden kertoo olevansa sopimuksen syntymisestä ”äärimmäisen mielissään”, ja arvioi sen kautta vapautuvan lisää amerikkalaispanttivankeja, joita Hamas on pitänyt lokakuun 7. päivästä saakka.;Henkilökohtainen_kokemus
64-3-193118;– En pysähdy, ennen kuin heidät kaikki on vapautettu, Biden vannoo.;Lait/toimintasäännot
64-3-193118;Biden kiittää tiedotteessa sopimuksen neuvotteluun osallistuneita Qatarin sheikkiTamim bin Hamad Al-Thaniaja Egyptin presidentti Abdel-Fattah El-sisiä.;Muu
64-3-193118;Biden kertoo arvostavansa Israelin pääministeri Benjamin Netanyahunomistautumista tulitaukosopimuksen saavuttamiselle ja arvioi sopimuksen ”helpottavan viattomien palestiinalaisperheiden kärsimystä Gazassa”.;Muu
64-3-193118;Biden ei kiitä Hamas-terrorijärjestön edustajia.;Muu
64-3-193118;Juttua päivitetty 22.11.2023 kello 6.36 Juttua päivitetty linkillä tiedotteeseen ja lisäkatkelmilla tiedotteen sisällöstä.;Ei_tarkistettavissa_oleva_väite
3-12046443;Kilpailu IT-alan huippuosaajista käy kuumana – pohjoiskarjalainen Dimitri Kudinov sai Amazonilta tarjouksen, josta ei voinut kieltäytyä;Muu
3-12046443;IT-alan yritysten kilpajuoksu työvoiman perässä kiihtyy jopa kansainväliseksi.;Muu
3-12046443;Työvoimapulan tuoreimpana merkkinä yritykset seuraavat työntekijöitä perustamalla konttoreita eri puolille Suomea.;Muu
3-12046443;Huipputekijöille tarjotaan uusia töitä säännöllisesti.;Muu
3-12046443;Kilpailu IT-alan työvoimasta ja huippuosaajista on kiristynyt.;Muu
3-12046443;Kokeneimmat tekijät saavat jatkuvasti puheluita ja viestejä headhuntereilta eli suorarekrytoijilta.;Muu
3-12046443;Käytännössä huippukoodarit, ohjelmistokehittäjät ja it-arkkitehdit voivat päättää missä työskentelevät ja millaisin ehdoin.;Muu
3-12046443;– Palkka ei ratkaise.;Henkilökohtainen_kokemus
3-12046443;Minulle ratkaisevaa oli, että voin kehittyä työssäni eli haasteita on riittävästi.;Henkilökohtainen_kokemus
3-12046443;Yhtä tärkeää on, että voimme jäädä asumaan tänne Kontiolahdelle Pohjois-Karjalaan, kertoo 40-vuotias Dimitry Kudinov, joka on työskennellyt noin vuoden verran maailman suurimman verkkokaupan Amazonin palveluksessa.;Henkilökohtainen_kokemus
3-12046443;Kudinoville tarjottiin aiemmin töitä Googlelta ja Spotifyltä.;Muu
3-12046443;Myös amerikkalaisjätti Amazon kosiskeli häntä useamman kerran.;Henkilökohtainen_kokemus
3-12046443;Ensimmäinen tarjous olisi ollut nykyistä rahakkaampi, mutta vaatinut muuttoa Luxemburgiin.;Muu
3-12046443;– Onneksi heille sopi, että voin tehdä töitä etänä täältä kotoa, kertoo neljän lapsen isä, joka puikkelehtii työpaikalleen autotallin takaosaan lapsiperheistä tutun kodikkuuden läpi.;Muu
3-12046443;Amazonilla palkka määräytyy sijainnin mukaan.;Muu
3-12046443;Suomeen ei siis makseta Amerikan palkkoja, vaikka palkka onkin Kudinovin mukaan suurempi kuin Suomen huippupalkat.;Määrä
3-12046443;Pietarissa syntynyt Kudinov on poikkeus, sillä vastaavanlaiset kansainväliset rekrytoinnit Suomesta ovat vielä harvinaisia.;Muu
3-12046443;Suomessa tekijäpula lyö kapuloita kasvuhakuisten yritysten rattaisiin;Muu
3-12046443;Myös suomalaiset IT-alan yritykset kilpailevat nyt työvoimasta, josta on pulaa.;Muu
3-12046443;Työntekijäpula on monella alalla yhä useammin kasvun este, selviää tuoreesta Elinkeinoelämän keskusliiton suhdannebarometrista.;Määrä
3-12046443;Ongelma on kansallinen mutta korostuu etenkin Itä-Suomessa.;Muu
3-12046443;Viestintä- ja tietoliikennealan työntekijäpula on syventynyt.;Muu
3-12046443;Tämä näkyy esimerkiksi 17 vuotta alalla toimineessa joensuulaisessa Valamis Groupissa, joka valmistaa digitaalisia oppimisympäristöjä.;Muu
3-12046443;Näihin päiviin saakka kaikki paikat ovat täyttyneet sekä Suomen toimistoissa että seitsemässä ulkomaan konttorissa, joita on Bostonista Intiaan.;Muu
3-12046443;Yritys työllistää 240 tekijää, joista 60 on palkattu tänä kesänä.;Määrä
3-12046443;– Ensimmäistä kertaa alkaa oikeasti jäädä paikkoja täyttämättä.;Määrä
3-12046443;Varsinkin kokeneita osaajia on aika hankala löytää enää.;Muu
3-12046443;Monesti on käynyt niinkin, että olemme palkanneet henkilön, joka ottaakin ihan toisen työpaikan ihan niin kuin loppumetreillä.;Muu
3-12046443;Kaikille ei riitä työntekijöitä, se vain on niin, kertoo toimitusjohtaja Jussi Hurskainen Valamis Groupista.;Muu
3-12046443;Kiristynyt työvoimatilanne näkyy rekrytoijien arjessa.;Muu
3-12046443;– Erikoisosaajista ihan taistellaan ja he voivat valita, missä yrityksessä työskentelevät, toteaa rekrytointiyritys Inhuntin aluejohtaja Heikki Ovaskainen.;Muu
3-12046443;Ei siis ole ihme, että työvoiman vaihtuvuus yrityksissä on korkea.;Muu
3-12046443;Alalla onkin hyvin yleistä, että samassa työpaikassa ollaan vuosi tai kaksi.;Määrä
3-12046443;Joskus työntekijä saatetaan sitoa erillisellä sopimuksella työpaikkaan määräajaksi kuten kolmeksi vuodeksi.;Määrä
3-12046443;ICT-alan osaajien kokonaistarve voi lähivuosina nousta jopa 20 000 työtekijään;Määrä
3-12046443;Eri arvioiden mukaan tieto- ja viestintätekniikan eli ICT-alan työvoimavaje on tuhansia jopa kymmeniätuhansia.;Määrä
3-12046443;Tilanne on jonkin verran vaikeutunut, tämä selviää Teknologiateollisuus ry:n vielä julkaisemattomasta osaamistarveselvityksestä.;Muu
3-12046443;Tarve ja sitä myötä kilpailu tekijöistä kasvaa, koska osaamista tarvitaan yhä enemmän myös muilla kuin varsinaisella tieto- ja viestintäteknologian eli ICT:n alalla.;Muu
3-12046443;– Kun kokonaisuuteen huomioi myös kaikkien muiden toimialojen eli myös teknologiateollisuuden ulkopuolisten toimialojen tilanteen, voi osaajien kokonaistarve lähivuosien aikana nousta hyvinkin melko lähelle 20 000 henkeä, kertoo johtaja Petteri Rautaporras Teknologiateollisuudesta.;Määrä
3-12046443;Joensuuhun on rantautunut kolme yritystä, jotka hakevat jopa sataa työntekijää;Määrä
3-12046443;Suomessa IT-alan työvoimapulan uusin merkki on yritysten kilpajuoksu osaajien perässä paikkakunnille, joissa on tarjolla ammattitaitoista työvoimaa.;Muu
3-12046443;Yksi It-alan apajista työnantajien näkökulmasta on Joensuu.;Muu
3-12046443;Kaupungista löytyy eriasteista koulutusta aina ammattikoulusta yliopistoon asti, menestyneitä kansainvälisiä yrityksiä ja näiden myötä ICT-alan kulttuuri.;Muu
3-12046443;Kansainvälisesti toimiva pörssiyhtiö Siili Solutions on yksi kolmesta suuresta Joensuuhun konttorin perustavasta yrityksestä.;Määrä
3-12046443;Yritykset ovat ilmoittaneet palkkaavansa Joensuuhun yhteensä noin sata työntekijää.;Määrä
3-12046443;– Kasvuyhtiönä tarvitsemme lisää tekijöitä, ja haluamme palkata kovimmat tekijät.;Muu
3-12046443;Korona teki työpaikoista virtuaalisia eli työtä voi tehdä laajemmin, mistä vain.;Muu
3-12046443;Joensuussa meillä oli jo muutama työntekijä valmiiksi, kertoo Siili Solutios Oy:n liiketoimintajohtaja Markku Savusalo.;Muu
3-12046443;Joensuuhun rantautuneiden yritysten liiketoiminta ei ole myynnillisesti Itä-Suomessa.;Muu
3-12046443;– He haluavat lisää kehittäjiä ja osaajia, jotta saavat tehtyä omat jo myydyt projektinsa, tietää Leo Tuokko, joka vastaa Wise It Oy:n kasvujohtajana muun muassa rekrytoinnista.;Muu
3-12046443;– Joensuussa tullaan käymään ihan paikalliskamppailua työvoimasta, uskoo headhunter eli suorahakija ja Inhuntin aluejohtaja Heikki Ovaskainen Kuopiosta.;Muu
3-12046443;Aiheesta voi keskustella 8.8.2021 kello 23:een saakka.;Ei_tarkistettavissa_oleva_väite
3-11879472;Virtuaalisen keräilykortin arvo kohosi yli 300 000 euroon, harvinaisuuksista maksetaan maltaita – voiko urheilun fanitavaralla rikastua?;Määrä
3-11879472;Urheilufanien keräilyharrastus elää uutta buumia ja siirtyy nettiin.;Muu
3-11879472;Tässä jutussa harrastuksestaan kertovat virtuaalisesta Top Shot -ilmiöstä innostunut rap-artisti Särre sekä perinteisten keräilykorttien ja pelipaitojen harrastajat.;Muu
3-11879472;Urheilun muistoesineiden markkinoille on syntynyt erikoinen buumi, jossa huutokauppahinnat rikkovat miljoonien dollarien ennätyksiä ja keräilykorttien [kuntoluokittaja](https://www.psacard.com/articles/articleview/10367/psa-customer-update-april-2021) joutuu rajoittamaan toimintojaan korttitulvan vuoksi.;Määrä
3-11879472;Sopivaan saumaan ajoittui digiloikka, jossa keräilykortit yhdistettiin toiseen buumiin: lohkoketjuun.;Muu
3-11879472;Syntyi NBA Top Shot, jolla muutama onnekas on jo rikastunut.;Muu
3-11879472;Onko urheilun keräilytavarasta tullut sijoittamista vai mistä on kyse?;Ei_tarkistettavissa_oleva_väite
3-11879472;Tässä jutussa näkökulmansa kertovat keräilijät, joiden intohimona on vanhat pelipaidat ja jääkiekkokortit sekä digitaalinen Top Shot.;Muu
3-11879472;NBA Top Shot yhdisti lohkoketjun ja keräilybuumin;Muu
3-11879472;Helsinkiläisen rap-artisti Särren eli Miika Särmäkarin tietokoneen ruudulle avautuu videoklippi, jossa NBA:n suomalaistähti Lauri Markkanen tekee donkin, eli lyö pallon koriin suoraan yläpuolelta.;Muu
3-11879472;Ruudulla näkyy pelitilastoja, oheistietoja, linkki keskustelufoorumiin ja nappulat, joista jakaa sisältöä sosiaaliseen mediaan.;Muu
3-11879472;– Kun NBA Top Shot tuli, se yhdisti kryptovaluutoista kiinnostuneita, keräilijäluonteita ja koripallofaneja – joita maailmassa on todella paljon, Särmäkari toteaa.;Muu
3-11879472;Särmäkari on kovan luokan koripallofani.;Henkilökohtainen_kokemus
3-11879472;Videoklippi Markkasen donkista on yksi esimerkki hänen Top Shot -hetkien kokoelmastaan.;Muu
3-11879472;Kyse on eräänlaisista digiajan keräilykorteista.;Muu
3-11879472;Käytännössä ne ovat lohkoketjun pätkällä yksilöityjä videoklippejä NBA-pelaajien huippuhetkistä.;Muu
3-11879472;Alkuvuodesta yhdysvaltalaismediaan ilmestyi juttuja;Muu
3-11879472;Top Shot -huuman avulla rikastuneista henkilöistä, jotka ehtivät apajille ajoissa, ostivat halvalla ja myivät arvojen noustessa.;Muu
3-11879472;Tiettävästi kallein Top Shot -hetki on LeBron Jamesin donkki, joka [huutokaupattiin huhtikuussa](https://www.ha.com/heritage-auctions-press-releases-and-news/heritage-auctions-april-monthly-showcase-sports-auction-nets-an-nba-top-shot-record-price.s?releaseId=4156) lähes 390 000:lla dollarilla (reilut 320 000 euroa).;Määrä
3-11879472;Särmäkari kertoo Top Shot -hetkiensä arvon vaihtelevan tällä hetkellä euroissa mitattuna alle kymmenestä satoihin euroihin, ja muutaman pelaajan kohdalla mahdollisesti tuhansiin euroihin.;Määrä
3-11879472;– Mutta hinnat ovat myös heilahdelleet aika voimakkaasti, ihan pilvistä alas.;Muu
3-11879472;Siihen on hyvä varautua jokaisen, joka mukaan lähtee.;Muu
3-11879472;Arvot vaihtelevat jo yksittäisten NBA-otteluiden tulosten mukana.;Muu
3-11879472;Jopa pelaajan loukkaantuminen näkyy hinnassa, minkä alla oleva graafi havainnollistaa.;Muu
3-11879472;Numeroituja kohtia painamalla näet hinnan kehityskulun vaiheittain.;Muu
3-11879472;Graafin kuvaama hintojen heiluminen tapahtuu keräilijöiden keskinäisellä markkinapaikalla, jossa kauppaa käydään yksittäisistä Top Shot -hetkistä.;Muu
3-11879472;Uusina niitä ostetaan muutaman pelaajan yllätyspaketeissa, joilla on kiinteä hinta.;Määrä
3-11879472;Yllätyspaketit, uteliaisuus ja kavereiden intoilu saivat helsinkiläisen koripallovalmentajan ja matkaoppaaksi opiskelevan Santtu Salmelan panemaan muutaman kympin likoon Top Shotiin.;Henkilökohtainen_kokemus
3-11879472;– Olen kova koripallofani ja junnuna keräsin perinteisiä keräilykortteja.;Henkilökohtainen_kokemus
3-11879472;Myös pikavoittojen mahdollisuus kiinnosti, eli se, jos yllätyspaketista paljastuisi keräilyharvinaisuus, Salmela sanoo.;Henkilökohtainen_kokemus
3-11879472;Top Shot ei tuo Salmelan mukaan samaa tunnetta, kuin keräilykorttipaketin avaaminen lapsuudessa, mutta oma jännitysmomenttinsa siinä on – ja se voi koukuttaa.;Henkilökohtainen_kokemus
3-11879472;– Sivukorvalla olen kuullut, että pandemia-aikana jotkut ihmiset ovat käyttäneet vähän liikaakin aikaa Top Shot -harrastukseen.;Henkilökohtainen_kokemus
3-11879472;Kyse on vähän samasta kuin miksi lapsilla on hyvä olla ruutuaika, Salmela toteaa.;Henkilökohtainen_kokemus
3-11879472;Mitä virtuaalisille korteille käy, jos ylläpitäjä menee nurin?;Ei_tarkistettavissa_oleva_väite
3-11879472;Top Shot herättää myös kriittisiä kysymyksiä.;Ei_tarkistettavissa_oleva_väite
3-11879472;Yksi niistä on koko järjestelmän riippuvuus sen kehittäjästä, Dapper Labsista.;Muu
3-11879472;– Jos Dapper Labs menee konkurssiin, katoavatko silloin myös kortit ja niiden rahallinen arvo, pohtii Olli Segersvärd, joka pitää koripalloaiheista NBA-tuokio -podcastia ystävänsä Jirka Poropudaksen kanssa.;Muu
3-11879472;Toinen pulma on se, lopahtaako harrastajien into.;Muu
3-11879472;Dapper Labsin edellisen hittituotteen, CryptoKittiesin hintojen nousu tasaantui ajan saatossa.;Määrä
3-11879472;Kaksikko näkee huumassa riskin, että myöhemmin mukaan tulevat päätyvät vain rahoittamaan ensimmäisten voitot.;Muu
3-11879472;– Näiden keräilykohteiden arvonnousu vaatii keräilijöiden lukumäärän jatkuvaa kasvua, Poropudas toteaa.;Määrä
3-11879472;– Ja ansaintalogiikkakin on kunnossa, kun Dapper Labs höylää aina viisi prosenttia kaupoista.;Määrä
3-11879472;Moni kuitenkin uskoo digitaalisen keräilyn tulevaisuuteen.;Muu
3-11879472;Siitä kertoo Top Shot -kehittäjä Dapper Labsin hiljattain [keräämä](https://apnews.com/article/technology-nba-michael-jordan-blockchain-7d23758d8174710012c83512b98118d6) yli 300:n miljoonan dollarin (noin 250 miljoonan euron) rahoituskierros pääomasijoittajilta.;Määrä
3-11879472;Samalla apajille pyrkivät muutkin urheiluliigat.;Muu
3-11879472;Huhtikuussa perinteinen keräilykorttien valmistaja Topps lanseerasi omat lohkoketjuun perustuvat keräilykorttinsa Yhdysvaltain baseballin ammattilaisliiga MLB:n kanssa.;Muu
3-11879472;Harrastaja: suurin osa korteista lähes arvottomia;Muu
3-11879472;Samaan aikaan buumi jyllää myös fyysisten keräilyesineiden maailmassa.;Muu
3-11879472;Tammikuussa baseball-legenda Mickey Mantlen vuoden 1952 keräilykortti huutokaupattiin ennätyksellisellä 5,2 miljoonalla dollarilla (4,3 miljoonaa euroa).;Määrä
3-11879472;Huhtikuussa sama hinta huudettiin koripallotähti LeBron Jamesin tulokaskortista kaudelta 2003–2004.;Määrä
3-11879472;Huutokaupan nousevat hinnat näkyvät myös alla olevassa graafissa, joka kuvaa toteutuneita huutokauppoja Teemu Selänteen ja koripallotähti Michael Jordanin keräilykorteista.;Muu
3-11879472;Yli 30 vuotta jääkiekkokortteja keräillyt tuusulalainen Tatu Kanen muistuttaa, että maailmalla kortteja on lukematon määrä.;Määrä
3-11879472;– Niistä suuri osa on ehkäpä muutaman sentin arvoisia.;Määrä
3-11879472;Aina arvo ei nouse, vaikka pelaaja olisi legenda.;Muu
3-11879472;Kanen kertoo esimerkin 1990-luvulta, jolloin Selänteen NHL-tulokaskortti oli verrattain kallis Suomessa.;Määrä
3-11879472;– Nyt on hyvä, jos kyseisestä kortista saa kolme euroa.;Määrä
3-11879472;Tuolloin ei Suomessa vielä tiedetty, että kyseisiä kortteja oli pilvin pimein Yhdysvalloissa.;Määrä
3-11879472;Harvinaisuuden lisäksi kortin on oltava kunnossa, eli ”mintissä”.;Muu
3-11879472;Alla oleva graafi havainnollistaa kuntoluokituksen vaikutusta keräilykortin myyntiarvoon.;Muu
3-11879472;Pelipaitaharrastaja: ”Pulloja keräilemällä pääsisi paremmin tuntipalkoille”;Määrä
3-11879472;Myös pelipaitojen keräilypiireissä on nähty korona-aikana vilkastumista, kertovat vanhoja jääkiekkopaitoja keräilevät Jussi Luokomaa ja Mikko Tanski.;Muu
3-11879472;Molemmat ovat maksaneet jopa nelinumeroisia summia yksittäisistä keräilyharvinaisuuksista, mutta kumpikaan ei näe harrastusta sijoittamisena.;Määrä
3-11879472;Lisäksi Suomessa piirit ja hinnat ovat suurta maailmaa pienempiä.;Määrä
3-11879472;– Voi olla, että pulloja keräilemällä pääsisi paremmin tuntipalkoille, vastaa noin tuhannen pelipaidan kokoelman vuosien saatossa kerännyt Tanski.;Määrä
3-11879472;Pelipaitojen keräilyyn, pelkästään aidon ja väärennöksen erottamisen opetteluun kuluisi Tanskin mukaan niin paljon aikaa, että rahan takia vaivannäköä pitkään jaksaisi.;Muu
3-11879472;Arvo voi myös laskea, etenkin uudemmissa paidoissa.;Määrä
3-11879472;– Sanoisin, että 95 prosenttisesti tämä on jääkiekkohistorian vaalimista ja rakkautta vanhoihin likaisiin paitoihin, niin kamalalta kuin se kuulostaakin, Luokomaa naurahtaa.;Henkilökohtainen_kokemus
3-11879472;Omansa hän haluaisi kuitenkin takaisin, jos joutuisi joskus kokoelmastaan luopumaan.;Henkilökohtainen_kokemus
3-11879472;Vanhojen paitojen kohdalla se on Luokomaan mukaan uudempia huomattavasti todennäköisempää.;Henkilökohtainen_kokemus
3-11879472;Onko kyseessä kupla?;Ei_tarkistettavissa_oleva_väite
3-11879472;Villitystä on selitetty koronapandemialla, joka pakotti ihmiset koteihinsa.;Muu
3-11879472;Korkeita hintoja on selitetty esimerkiksi keskuspankkien alhaisella korkopolitiikalla, jonka nähdään ajavan sijoittajia etsimään rahoilleen vaihtoehtoisia sijoituskohteita.;Korrelaatio/kaussatio
3-11879472;Nettiin on jopa ilmestynyt sijoituspalveluita, jotka kauppaavat osa-omistuksia keräilyharvinaisuuksista.;Muu
3-11879472;Keskuspankkien pandemia-ajan toimet mainitsee myös Vaasan yliopiston liiketaloustieteen professori, Osakesäästäjät ry:n puheenjohtaja Timo Rothovius.;Muu
3-11879472;– Keskuspankit ovat lykänneet rahaa maailmalle enemmän kuin koskaan aiemmin.;Määrä
3-11879472;Samalla sitä ei ole päästy kuluttamaan normaaliin tapaan, joten rahaa on siirtynyt sijoituksiin ja erilaisiin keräilykohteisiin.;Korrelaatio/kaussatio
3-11879472;Rothovius pitää myös digitalisaation ja sosiaalisen median roolia ilmeisenä.;Henkilökohtainen_kokemus
3-11879472;– Ennen nykyistä tietotekniikkaa keräilijöiden kohtaaminen oli ylipäätään hankalampaa.;Muu
3-11879472;Nyt periaatteessa jokainen pystyy osallistumaan puhelimellaan huutokauppaan tai kilpailuun.;Muu
3-11879472;Sama näkyy pörssisijoittamisen puolella.;Muu
3-11879472;Rothovius uskoo, että hurjaa nousua seuraa ennen pitkää hintojen lasku – myös lohkoketjuun rakennetuissa keräilyharvinaisuuksissa.;Muu
3-11879472;Aaltoliike on toistunut myös läpi pörssin ja taiteen arvostuksen historian.;Muu
3-11879472;– Seuraava laskumarkkina voi olla edessä, kun keskuspankit alkavat vähentää likviditeettiä pois markkinoilta, Rothovius tuumaa.;Ennuste
3-11879472;Viime kuukausien hintapiikit eivät ole silti rikkoneet kaikkia aiempia ennätyksiä.;Määrä
3-11879472;Alla olevan graafin yksityiskohtia painamalla näet ennätyksistä tarkempia tietoja.;Muu
3-11879472;Arvojen kohtalo jää nähtäväksi, mutta todennäköisesti se ei poista Tanskin tai Luokomaan, koripallofani Särmäkarin ja Salmelan tai tuhansien jääkiekkokorttien kokoelman keränneen Kanenin perimmäistä syytä harrastukselleen.;Ennuste
3-11879472;Se syy on rakkaus lajiin ja keräilemisen selittämätön kiehtovuus.;Ei_tarkistettavissa_oleva_väite
64-3-187992;Palestiinan Punainen Puolikuu: Jabaliaan tehdyssä iskussa kuollut 25 siviiliä;Määrä
64-3-187992;Jabalian pakolaisleiriin tehdyssä iskussa on kuollut 25 siviiliä, kertoo Palestiinan Punaisen Puolikuun pääjohtajaBBC:lle (https://www.bbc.com/news/live/world-middle-east-67258466?nsmchannel=social&nssource=twitter&nscampaign=bbclive&nslinkname=65415fbb8ae7803bb6845d9b%26Palestine%20Red%20Crescent%20says%2025%20civilians%20killed%20in%20Jabalia%20attack%262023-10-31T20%3A19%3A28.230Z&nsfee=0&pinnedpostlocator=urn:asset:491fe7ab-45cc-48da-be40-54d6d120a0ff&pinnedpostassetid=65415fbb8ae7803bb6845d9b&pinnedposttype=share) .;Määrä
64-3-187992;Aiemmin Hamasin alainen terveysministeriö kertoi, että ainakin 50 ihmistä on kuollut ja 150 haavoittunut tai loukkaantunut Israelin tekemässä iskussa.;Määrä
64-3-187992;Lisäksi kymmenien ihmisten kerrottiin olevan hautautuneina raunioiden alla.;Määrä
64-3-187992;BBC huomauttaa, ettei lukuja ole voitu vahvistaa riippumattomista lähteistä.;Muu
64-3-187992;Jabalian pakolaisleri on käytännössä yli 100 000 asukkaan rakennettu kaupunginosa Jabalian kaupungissa.;Määrä
64-3-187992;Israelin asevoimat on vahvistanut iskeneensä Jabaliaan.;Muu
3-12235737;Pirkanmaalla taas uusi ennätys: 290 koronatartuntaa, uusia rajoituksia voi olla tulossa;Määrä
3-12235737;Viime viikolla oli tartuntojen ennätysviikko.;Määrä
3-12235737;Tästä viikosta on tulossa uusi ennätysviikko tätä tahtia.;Ennuste
3-12235737;Pirkanmaalla kerrottiin perjantaina 290 uudesta koronatartunnasta.;Määrä
3-12235737;Se on jo kolmas päiväkohtainen ennätys tällä viikolla.;Määrä
3-12235737;Keskiviikkona kirjattiin edellinen ennätys: 278 uutta koronatartuntaa.;Määrä
3-12235737;Sitä edellinen ennätys, 272 tartuntaa, todettiin sekin vasta eli maanantaina.;Määrä
3-12235737;Pirkanmaan koronanyrkin puheenjohtaja Juhani Sand sanoo, että jos rajoitukset eivät ala purra tällä viikolla, tarvitaan lisää rajoituksia.;Korrelaatio/kaussatio
3-12235737;– Tilanne on erittäin huolestuttava.;Henkilökohtainen_kokemus
3-12235737;Viimeistään viikon lopun aikana pitäisi näkyä maanantaina voimaan tulleiden rajoitusten sekä uusien suositusten vaikutus.;Ennuste
3-12235737;Ellei näin käy, tarvitsemme lisää rajoituksia.;Korrelaatio/kaussatio
3-12235737;Tilanteesta tiedotetaan viimeistään tiistaina.;Ennuste
3-12235737;Koronatapauksia on Pirkanmaalla enemmän kuin koskaan epidemian aikana.;Määrä
3-12235737;Viime viikolla oli tartuntojen ennätysviikko.;Määrä
3-12235737;Tästä viikosta on tulossa uusi.;Ei_tarkistettavissa_oleva_väite
3-12235737;Yhteensä epidemian aikana on todettu Pirkanmaalla 16 816 koronatartuntaa.;Määrä
3-12235737;Pirkanmaa on nyt yksi Suomen pahimpia tautialueita.;Muu
3-12235737;[Pandemiaryhmä antoi tiistaina ](https://yle.fi/uutiset/3-12229560)uusia suosituksia juhliin, kouluihin, tapahtumiin ja vierailuille.;Lait/toimintasäännot
3-12235737;Uudet aluehallintoviraston rajoitukset astuivat voimaan maanantaina Pirkanmaalla.;Lait/toimintasäännot
3-12235737;Vaihtoehtoisesti toimija voi edellyttää asiakkailta ja osallistujilta koronapassia.;Lait/toimintasäännot
3-12235737;Ennestään Pirkanmaalla on tiukat rajoitukset kokoontumisissa ja ravintoloissa, ellei käytössä ole koronapassia.;Lait/toimintasäännot
3-12235737;Korjaus kello 9.35 korjattu torstai perjantaiksi.;Ei_tarkistettavissa_oleva_väite
3-12394959;Pahimmat raakuudet alkavat paljastua Kiovan esikaupungeissa Venäjän joukkojen vetäydyttyä – Amnesty vahvistaa sotilaiden tappaneen silmittömästi siviilejä;Muu
3-12394959;Sotatutkijan mukaan pahin on vielä edessä, kun paljastuu, mitä pitkään miehitettyinä olleissa Mariupolin ja Ukrainan itäosien kaupungeissa on tapahtunut.;Muu
3-12394959;Ihmisoikeusjärjestö Amnestyn tänään [julkaistu raportti](https://www.amnesty.fr/presse/ukraine.-nouveaux-temoignages-les-forces-russes-ont) vahvistaa, että Venäjän sotilaat ovat tappaneet julmasti ja perusteettomasti siviilejä Ukrainassa.;Muu
3-12394959;Amnestyn edustajat ovat haastatelleet noin kahtakymmentä ihmistä, jotka ovat todistaneet Venäjän joukkojen raakuuksia Kiovan lähistöllä.;Määrä
3-12394959;Haastatellut kertovat sotilaiden tappaneen ja pahoinpidelleen aseistautumattomia siviilejä.;Muu
3-12394959;Amnestyn mukaan sen keräämät todisteet osoittavat, että siviilejä on tapettu julmasti kaduille ja koteihinsa.;Muu
3-12394959;Ruotsin maanpuolustuskorkeakoulun sotatieteen dosentin Ilmari Käihkön mukaan vastaavanlaista tulee suurella todennäköisyydellä ilmi myös muilta alueilta.;Muu
3-12394959;– Pahin on vasta edessä.;Henkilökohtainen_kokemus
3-12394959;Siellä on idässä vielä monta aluetta, jotka ovat olleet pitkään Venäjän miehityksen alla, Käihkö sanoo puhelinhaastattelussa Ylelle.;Muu
3-12394959;Ukrainan armeija saanut toistakymmentä esikaupunkia takaisin hallintaansa;Määrä
3-12394959;Kun Venäjän joukot vetäytyivät Kiovan alueelta, alkoi esikaupungeista paljastua Venäjän miehityksen alla tapahtuneita raakuuksia ja epäiltyjä sotarikoksia.;Muu
3-12394959;Tähän mennessä tietoja ja silminnäkijöiden kuvauksia on saatu muun muassa Butšasta, Borodiankasta, Bohdanivkasta, Vorzelista ja Zabuchchyasta.;Muu
3-12394959;Kaiken kaikkiaan Ukrainan armeija on saanut toistakymmentä esikaupunkia takaisin haltuunsa.;Määrä
3-12394959;Butša on noussut paljastuneiden raakuuksien takia maailman huomion keskipisteeksi.;Muu
3-12394959;Pikkukaupungin kaduilta on löydetty poltettuja ja sidottuja ruumiita, osaa vainajista on ammuttu päähän.;Muu
3-12394959;Ruumiita on ollut myös joukkohaudoissa.;Muu
3-12394959;Viranomaisten mukaan tähän mennessä on löydetty 320 ihmisen ruumiit, kertoo uutistoimisto Reuters.;Määrä
3-12394959;Viranomaisten arvion mukaan heistä noin 50 on joutunut teloituksen uhriksi.;Määrä
3-12394959;Silminnäkijät ovat kertoneet Venäjän sotilaiden tappaneen siviilejä kaupungissa sattumanvaraisesti.;Muu
3-12394959;Amnestyn raporttiin haastateltu 24-vuotias nainen kertoo löytäneensä naapurissa asuneen naisen ruumiin kadulta.;Muu
3-12394959;Kuolleen naisen äiti oli kertonut tyttärensä tulleen tapetuksi, kun tämä oli katsonut Venäjän sotilasajoneuvoa aidan yli.;Muu
3-12394959;Ukrainan puolustusministeriön mukaan Venäjän sotilaat syyllistyivät Butšassa joukkomurhaan.;Muu
3-12394959;– Varmuutta ei kuitenkaan ole siitä, että Venäjä olisi systemaattisesti kerralla tappanut useita siviilejä.;Muu
3-12394959;Kun ukrainalaisten vastarinta kovenee, sitä epätoivoisemmiksi sotilaiden teot menevät, arvioi Ilmari Käihkö.;Muu
3-12394959;Vanhemmat ammuttiin kadulle Vorzelissa;Muu
3-12394959;Amnestyn raportti paljastaa raakuuksia myös muualla Kiovan lähistöllä.;Muu
3-12394959;Järjestön haastattelema 18-vuotias nainen kertoo Venäjän tankkien vyöryneen Vorzelin kylään 3. maaliskuuta.;Muu
3-12394959;Naisen perhe piileskeli talonsa kellarissa.;Muu
3-12394959;Kun naisen vanhemmat lähtivät ulos, seurasi laukausten ääniä.;Muu
3-12394959;Amenstyn raportin mukaan nainen löysi vanhempansa ammuttuna maasta.;Muu
3-12394959;Haastatellun nuoren naisen mukaan hänen vanhempansa olivat siviilivaatteissa eivätkä he olleet aseistettuja.;Muu
3-12394959;Nuorta naista myöhemmin evakuoinnissa auttanut vapaaehtoinen on vahvistanut kertomuksen Amnestylle.;Muu
3-12394959;Myös [ihmisoikeusjärjestö Human Rights Watchin](https://www.hrw.org/news/2022/04/03/ukraine-apparent-war-crimes-russia-controlled-areas) (HRW) mukaan venäläiset sotilaat ovat syyllistyneet raakuuksiin Vorzelissa, joka sijaitsee noin 30 kilometrin päässä Kiovan luoteispuolella.;Muu
3-12394959;HRW:n haastattelema silminnäkijä kertoo venäläisen sotilaan heittäneen savukranaatin asuintalon kellariin ja ampuneen sen jälkeen kellarista pois tullutta naista ja 14-vuotiasta lasta.;Muu
3-12394959;Ammutut olivat olleet kellarissa suojassa.;Muu
3-12394959;Lapsi kuoli välittömästi ja nainen kuoli myöhemmin.;Muu
3-12394959;Teloitus tapahtui HRW:n silminnäkijöiden mukaan maaliskuun 6. päivänä.;Muu
3-12394959;HRW:n haastattelemat siviilit kertovat venäläisten sotilaiden myös varastaneen Vorzelissa ruokaa, polttopuita ja vaatteita.;Muu
3-12394959;Lisäksi sotilaat ovat varastaneet polttoainetta ja erilaisia työkaluja, kuten moottorisahoja ja kirveitä.;Muu
3-12394959;Venäläiset miehittivät Borodiankaa pidempään kuin Butšaa;Muu
3-12394959;Ukrainan viranomaiset pelkäävät, että Borodiankan pikkukaupungissa paljastuu lähiaikoina vielä Butšaakin pahempi verilöyly.;Muu
3-12394959;Borodianka sijaitsee reilun 50 kilometrin päässä Kiovan luoteispuolella ja venäläiset joukot miehittivät sitä jopa pidempään kuin Butšaa.;Määrä
3-12394959;Esimerkiksi paikalla käynyt [BBC:n](https://www.bbc.com/news/world-europe-61007427) toimittaja Jeremy Bowen kuvailee kaupungin tuhoja pahimmiksi mitä hän on nähnyt Kiovan lähistöllä.;Muu
3-12394959;Samaa ovat kertoneet muut kaupungissa vierailleet toimittajat.;Muu
3-12394959;Borodiankassa on paljon täysin tuhoutuneita rakennuksia.;Muu
3-12394959;Suurin osa asukkaista on paennut.;Muu
3-12394959;Jäljelle jääneet kertovat, että ensin Venäjän joukot pommittivat kaupunkia ilmasta ja sen jälkeen valtaajat saapuivat.;Muu
3-12394959;Vetäydyttyään Venäjän sotilaat miinoittivat kaupunkia.;Muu
3-12394959;Borodiankan kokonaistilanne ei ole vielä selvillä.;Muu
3-12394959;Ukrainan johto ja viranomaiset ovat varoittaneet etukäteen siitä, mitä voi paljastua, kun kaupunkia tutkitaan.;Muu
3-12394959;Ilmari Käihkön mukaan nyt tarvitaan ulkopuolista tahoa, joka tutkii ja dokumentoi tapahtumat.;Muu
3-12394959;Muuten syyllisiä esimerkiksi raiskauksiin tai teloituksiin ei saada sotarikosoikeuteen.;Muu
3-12394959;Käihkö toteaa, että kyse on vakavista sotarikoksista, koska ihmisiä on selkeästi teloitettu.;Lait/toimintasäännot
3-12394959;Sotilaat ampuivat miestä päähän pannuhuoneessa;Muu
3-12394959;Amnestyn raportti jatkaa karua kertomusta Bohdanivkan kylästä.;Muu
3-12394959;46-vuotias nainen kertoo venäläisten sotilaiden tappaneen hänen miehensä päähän ampumalla.;Muu
3-12394959;Murhaa ennen sotilaat pakottivat pariskunnan ja heidän 10-vuotiaan tyttärensä talon pannuhuoneeseen.;Muu
3-12394959;Pian sotilaat palasivat takaisin ja pyysivät mieheltä tupakkaa.;Muu
3-12394959;Mies kertoi lopettaneensa tupakoinnin ja sen jälkeen sotilas ampui häntä käteen.;Muu
