id;sentences;Kategoria;;;;;;;;;;;;;;;;;;;;;;;
3-11135711;"""Pystyin vain makaamaan lattialla ja itkemään kivusta""– Aslak Länsmanin sairaalamatka kesti 11 tuntia, koska lääkintäkopteri jäi maahan Lapin jäätävissä oloissa";Määrä;;;;;;;;;;;;;;;;;;;;;;;
3-11135711;Joka viides pelastuslento jää Lapissa maahan sääesteen vuoksi.;Määrä;;;;;;;;;;;;;;;;;;;;;;;
3-11135711;Pitkien etäisyyksien Lapissa moni sairaskohtaus olisi kuolemaksi ilman helikopterikyytiä, sillä sairaalaan on matkaa pisimmillään yli 500 kilometriä.;Määrä;;;;;;;;;;;;;;;;;;;;;;;
3-11135711;Kopteri joutuu jäämään maahan huonon sään vuoksi peräti joka viidennellä kerralla.;Määrä;;;;;;;;;;;;;;;;;;;;;;;
3-11135711;Pohjoisessa kaivataan kipeästi lentokalustoa, joka pärjäisi myös arktisissa olosuhteissa.;Muu;;;;;;;;;;;;;;;;;;;;;;;
3-11135711;Inarilaiselle Aslak Uula Länsmanillle porotöissä sattunut onnettomuus oli vähällä käydä kohtalokkaaksi, kun Lapin lentosää piti lääkintäkopterin maassa Rovaniemellä ja apu saapui paikalle maata pitkin halki vaikeakulkuisen tunturierämaan.;Muu;;;;;;;;;;;;;;;;;;;;;;;
3-11135711;Länsman joutui onnettomuuteen Lemmenjoen erämaa-alueella, kun hänen moottorikelkkansa reki tarttui puuhun ja hän itse sinkoutui vasten ohjaustankoa.;Muu;;;;;;;;;;;;;;;;;;;;;;;
3-11135711;Kipu vei jalat alta;Henkilökohtainen_kokemus;;;;;;;;;;;;;;;;;;;;;;;
3-11135711;Parin minuutin hengähdystauon jälkeen matka jatkui.;Henkilökohtainen_kokemus;;;;;;;;;;;;;;;;;;;;;;;
3-11135711;Illan tullen Länsmanista alkoi tuntua, että onnettomuus ei ollutkaan niin vaaraton kuin aluksi vaikutti.;Henkilökohtainen_kokemus;;;;;;;;;;;;;;;;;;;;;;;
3-11135711;– Illalla kämpälle päästyämme kipu oli niin kova, että jalat eivät enää kantaneet.;Henkilökohtainen_kokemus;;;;;;;;;;;;;;;;;;;;;;;
3-11135711;Tuntui kuin olisi isketty veitsellä selkänikamien väliin.;Henkilökohtainen_kokemus;;;;;;;;;;;;;;;;;;;;;;;
3-11135711;Pystyin vain makaamaan kämpän lattialla ja itkemään kivusta, Länsman muistelee marraskuista iltaa.;Henkilökohtainen_kokemus;;;;;;;;;;;;;;;;;;;;;;;
3-11135711;Kaverit soittivat hätäpuhelun, josta alkoi piinaava odotus.;Muu;;;;;;;;;;;;;;;;;;;;;;;
3-11135711;Kolmen tunnin kuluttua Inarin vapaapalokunnan pelastusyksikkö kurvasi kelkalla Maraston porokämpän pihaan.;Muu;;;;;;;;;;;;;;;;;;;;;;;
3-11135711;Länsman sai kipulääkettä, ja hänet aseteltiin rekeen.;Muu;;;;;;;;;;;;;;;;;;;;;;;
3-11135711;Alkoi neljän tunnin matka erämaan keskeltä tien varteen.;Muu;;;;;;;;;;;;;;;;;;;;;;;
3-11135711;Ambulanssi ensihoitajineen odotti Lemmenjoen kylällä.;Muu;;;;;;;;;;;;;;;;;;;;;;;
3-11135711;– Ensihoitajatkin sanoivat, että potilas on siinä kunnossa että kyllä tämä kopterilla täältä pitäisi saada.;Muu;;;;;;;;;;;;;;;;;;;;;;;
3-11135711;Kun ei kopteria ollut niin ei siinä ollut vaihtoehtoja.;Muu;;;;;;;;;;;;;;;;;;;;;;;
3-11135711;Ambulanssimatka Rovaniemelle kesti vielä neljä tuntia lisää, eli hätäpuhelusta sairaalaan pääsyyn meni yhteensä yksitoista tuntia.;Muu;;;;;;;;;;;;;;;;;;;;;;;
3-11135711;Lapissa eniten potilaskuljetuksia;Määrä;;;;;;;;;;;;;;;;;;;;;;;
3-11135711;Lapin sairaanhoitopiirissä ensihoidosta vastaavan lääkärin Antti Saaren mukaan paremmasta kopterista olisi apua nimenomaan Lapissa.;Muu;;;;;;;;;;;;;;;;;;;;;;;
3-11135711;– Lapissa on kopterikuljetuksia ylivoimaisesti eniten, joten kopterin laatu korostuu.;Määrä;;;;;;;;;;;;;;;;;;;;;;;
3-11135711;Jos meillä olisi täydellisessä maailmassa varaa kyvykkäämpään kopteriin, niin kyllä me sellainen otettaisiin, Saari sanoo.;Ei_tarkistettavissa_oleva_väite;;;;;;;;;;;;;;;;;;;;;;;
3-11135711;Lappilaisten lisäksi huolehdittavana on kelkkasafareilla itsensä telovia turisteja, [tunturiin eksyneitä hiihtäjiä](https://yle.fi/uutiset/3-10651019) ja sydänoireisiin havahtuneita ruskaretkeläisiä.;Muu;;;;;;;;;;;;;;;;;;;;;;;
3-11135711;Vuonna 2017 sää esti Finnhemsin Lapin kopterilennoista joka viidennen.;Määrä;;;;;;;;;;;;;;;;;;;;;;;
3-11135711;Kaikkiaan hälytyksiä tuli 1940.;Määrä;;;;;;;;;;;;;;;;;;;;;;;
3-11135711;Tutkimuksen mukaan 142 tapauksessa oli kyse jäätämisestä, joka on haittana etenkin alkutalvesta.;Määrä;;;;;;;;;;;;;;;;;;;;;;;
3-11135711;Tarvitaan toimintasädettä ja säävarmuutta;Ei_tarkistettavissa_oleva_väite;;;;;;;;;;;;;;;;;;;;;;;
3-11135711;Aslak Uula Länsmanin mukaan jäätävä tihku oli lentämisen esteenä myös sinä päivänä, kun hän pelkäsi kuolevansa eräkämpälle.;Muu;;;;;;;;;;;;;;;;;;;;;;;
3-11135711;Tuolloin myöskään Rajavartiolaitoksen kopteri, Lapin yksityinen lääkärikopteri Aslak tai Pohjois-Norjan pelastuskopteri eivät voineet tulla apuun, joko sään tai toisen tehtävän vuoksi.;Muu;;;;;;;;;;;;;;;;;;;;;;;
3-11135711;Jyri Liljan mukaan Lappiin tarvitaan säänkestävämpää kalustoa.;Muu;;;;;;;;;;;;;;;;;;;;;;;
3-11135711;Halvin vaihtoehto olisi se, että Rajavartiolaitos siirtäisi jonkun jäänpoistolaitteilla varustetuista koptereistaan Rovaniemelle.;Määrä;;;;;;;;;;;;;;;;;;;;;;;
3-11135711;Saaren mielestä kopterin pitäisi myös pystyä hakemaan potilas Utsjoelta ilman välitankkausta matkalla takaisin sairaalaan.;Muu;;;;;;;;;;;;;;;;;;;;;;;
3-11135711;Kopterin kyydissä on usein aivoinfarkti- tai sydänkohtauspotilaita, joilla ei ole aikaa odottaa polttoainetankilla.;Muu;;;;;;;;;;;;;;;;;;;;;;;
3-11135711;Lääkärikopterien hallinnointi on myllerryksessä;Muu;;;;;;;;;;;;;;;;;;;;;;;
3-11135711;Lääkärikopterien hallinnointia ollaan parhaillaan mylläämässä uuteen uskoon.;Muu;;;;;;;;;;;;;;;;;;;;;;;
3-11135711;Lentotoiminnasta on tähän saakka vastannut sairaanhoitopiirien omistama Finnhems-yhtiö, jonka hallitus [haluaa nyt valtiollistaa](https://yle.fi/uutiset/3-10963679) kustannustehokkuuteen vedoten.;Lait/toimintasäännot;;;;;;;;;;;;;;;;;;;;;;;
3-11135711;Monet sairaanhoitopiirit ovat jo päättäneet osakkeidensa myynnistä valtiolle.;Lait/toimintasäännot;;;;;;;;;;;;;;;;;;;;;;;
3-11135711;Finnhems on kahden yksityisen kopteriyhtiön kanssa järjestänyt lentoja kuudesta tukikohdasta, joista pohjoisin on Rovaniemellä.;Määrä;;;;;;;;;;;;;;;;;;;;;;;
3-11135711;Vuonna 2022 on tarkoitus avata tukikohdat myös Kouvolassa ja Seinäjoella.;Ennuste;;;;;;;;;;;;;;;;;;;;;;;
3-11135711;Tarvitaanko pitkien etäisyyksien Lappiin säävarmempi kopteri kuin etelään?;Ei_tarkistettavissa_oleva_väite;;;;;;;;;;;;;;;;;;;;;;;
3-11135711;Sen pohdinta kuuluu uuden yhtiön hallitukselle, sanoo sosiaali- ja terveysministeriön kansliapäällikkö Kirsi Varhila.;Muu;;;;;;;;;;;;;;;;;;;;;;;
3-11135711;– Kaikkialla Suomessa ei tarvitse olla yhtä ja samaa kopteria.;Muu;;;;;;;;;;;;;;;;;;;;;;;
3-11135711;Jos päätetään hankkia omat kopterit, silloin kilpailutusta kannattaa tehdä eri malleilla, Varhila sanoo.;Muu;;;;;;;;;;;;;;;;;;;;;;;
3-11135711;"""Tajutaanko, miten eriarvoisessa asemassa pohjoisessa ollaan""";Ei_tarkistettavissa_oleva_väite;;;;;;;;;;;;;;;;;;;;;;;
3-11135711;Lääkärikopterien tulevaisuutta selvittänyt Lilja ei pidä valtiollistamista ensinkään kannattavana.;Muu;;;;;;;;;;;;;;;;;;;;;;;
3-11135711;Varhila taas käyttää valtiollistamisesta sanaa kun, eikä jos.;Muu;;;;;;;;;;;;;;;;;;;;;;;
3-11135711;Hän vakuuttaa, että Lapin tilanne tunnetaan myös ministeriössä.;Muu;;;;;;;;;;;;;;;;;;;;;;;
3-11135711;Länsman ehti epäillä sitä moneen kertaan maatessaan ambulanssissa matkalla sairaalaan Rovaniemelle.;Henkilökohtainen_kokemus;;;;;;;;;;;;;;;;;;;;;;;
3-11135711;– Huonommalla tuurilla siinä olisi voinut henkikin mennä.;Muu;;;;;;;;;;;;;;;;;;;;;;;
3-11135711;Kyllä sitä mietti, että tajutaanko miten eriarvoisessa asemassa täällä pohjoisessa ollaan tällaisten asioiden suhteen, Länsman sanoo.;Muu;;;;;;;;;;;;;;;;;;;;;;;
3-11135711;Länsman ei puhu vain itsestään vaan myös useista sellaisista tilanteista, joissa hän on ollut vapaapalokuntalaisena hakemassa hätään joutunutta maastosta.;Muu;;;;;;;;;;;;;;;;;;;;;;;
3-11135711;Kopteria olisi tarvittu, mutta sitä ei tunnetuista syistä saatu.;Ei_tarkistettavissa_oleva_väite;;;;;;;;;;;;;;;;;;;;;;;
3-11135711;– Pohjoisessa kyllä tiedetään, että missä kelissä ei kannata joutua onnettomuuteen, Länsman toteaa.;Muu;;;;;;;;;;;;;;;;;;;;;;;
3-11135711;Erimielisyys lääkärin tarpeesta;Ei_tarkistettavissa_oleva_väite;;;;;;;;;;;;;;;;;;;;;;;
3-11135711;Selvitysmies Jyri Lilja kiinnitti kriittistä huomiota myös siihen, että Lapin lääkärikopterissa ei ole lääkäriä vaan hoitoa antavat ensihoitajat.;Muu;;;;;;;;;;;;;;;;;;;;;;;
3-11135711;Lapissa puhutaankin virallisesti lääkintäkopterista.;Muu;;;;;;;;;;;;;;;;;;;;;;;
3-11135711;Liljan mielestä sairaanhoitopiirin pitää järjestää kopteriin lääkäri, mutta ensihoidon vastuulääkäri Antti Saari on asiasta eri mieltä.;Muu;;;;;;;;;;;;;;;;;;;;;;;
3-11135711;Hänen mukaansa ensihoitajilla on pärjätty hyvin, eikä puolen miljoonan euron käyttäminen lääkäripäivystyksen järjestämiseen ole järkevää.;Muu;;;;;;;;;;;;;;;;;;;;;;;
3-11135711;– Ratkaisujen pitää olla kustannusvastuullisia eikä tämä ehdotettu ratkaisu sitä ole tilanteessa, jossa säästöjä pitää miettiä koko ajan.;Muu;;;;;;;;;;;;;;;;;;;;;;;
3-11135711;Ensihoitajat konsultoivat puhelimitse lääkäriä, ja tämä järjestelmä on Saaren mukaan toiminut hyvin.;Muu;;;;;;;;;;;;;;;;;;;;;;;
3-11135711;"""Täytyy olla kiitollinen""";Ei_tarkistettavissa_oleva_väite;;;;;;;;;;;;;;;;;;;;;;;
3-11135711;Aslak Uula Länsman on toipumassa ja on tyytyväinen, että neljän viikon pakollinen vuodelepo on ohi.;Henkilökohtainen_kokemus;;;;;;;;;;;;;;;;;;;;;;;
3-11135711;Lääkäri on antanut luvan rauhalliseen kävelyyn ja kevyisiin kotitöihin.;Muu;;;;;;;;;;;;;;;;;;;;;;;
3-11135711;Hän sanoo nyt, että kopteriin liittyvän epäonnen lisäksi kelkkakolarissa matkassa oli myös onnea: kelkan kahva ei osunut pernan kohdalle, vaikka lähellä oli.;Muu;;;;;;;;;;;;;;;;;;;;;;;
3-11135711;Lisäksi Inarin vapaapalokunnan päivystysvuorossa oli kokenut kelkkailija, joka ajoi erämaan halki turvallisesti ja niin nopeasti kuin vain voi.;Muu;;;;;;;;;;;;;;;;;;;;;;;
3-11135711;Kaikki auttajat olivat tuttuja ja valoivat Länsmaniin uskoa, että tästä selvitään.;Ei_tarkistettavissa_oleva_väite;;;;;;;;;;;;;;;;;;;;;;;
3-11135711;– Nyt osaa antaa arvoa sille, että Inarissa pelastustoimintaa ylipäätään on, koska kymmenen vuotta sitten VPK oli vaarassa loppua kokonaan.;Muu;;;;;;;;;;;;;;;;;;;;;;;
3-11135711;Täytyy olla kiitollinen, että se voi nyt hyvin ja tutut ihmiset olivat valmiita minua auttamaan.;Muu;;;;;;;;;;;;;;;;;;;;;;;
3-11135711;Voit keskustella aiheesta kello 22 asti.;Ei_tarkistettavissa_oleva_väite;;;;;;;;;;;;;;;;;;;;;;;
3-11315862;THL:n tutkija arvioi: Koronaepidemian huippu on ohitettu – mutta jos rajoituksia löyhennetään, taudin eteneminenkin muuttuu;Muu;;;;;;;;;;;;;;;;;;;;;;;
3-11315862;Erikoistutkija Simopekka Vänskän mukaan hallituksen on nyt valittava, minkä strategian se ottaa koronan torjunnassa.;Muu;;;;;;;;;;;;;;;;;;;;;;;
3-11315862;Koronatapausten määrät ovat laskussa eri puolilla Suomea, arvioi Terveyden ja hyvinvoinnin laitoksen (THL) tutkija.;Muu;;;;;;;;;;;;;;;;;;;;;;;
3-11315862;– Meidän arvion perusteella voi sanoa, että huippu on ohitettu ja ollaan menossa alaspäin, sanoo THL:n erikoistutkija Simopekka Vänskä.;Muu;;;;;;;;;;;;;;;;;;;;;;;
3-11315862;Arvio perustuu oletukseen, että rajoitukset säilyisivät nykyisellään.;Muu;;;;;;;;;;;;;;;;;;;;;;;
3-11315862;Jos rajoituksia löyhennetään, tautitilannekin muuttuu.;Korrelaatio/kaussatio;;;;;;;;;;;;;;;;;;;;;;;
3-11315862;Vänskän mukaan tartuttavuutta kuvaava luku on laskenut alemmas kuin THL:n maaliskuun lopun ennusteessa.;Määrä;;;;;;;;;;;;;;;;;;;;;;;
3-11315862;Tuolloin arvioitiin, että luku asettuisi 1,6:n tuntumaan, jolloin tartunnan saanut levittäisi sen keskimäärin 1,6 ihmiseen.;Määrä;;;;;;;;;;;;;;;;;;;;;;;
3-11315862;– Nyt tartuttavuutta kuvaava luku R0 olisi ykkösessä tai sen alle, eli tartuntojen määrä olisi laskussa.;Muu;;;;;;;;;;;;;;;;;;;;;;;
3-11315862;Se kuvaa tilannetta nykyisten rajaamistoimien ja kontaktien vallitessa.;Korrelaatio/kaussatio;;;;;;;;;;;;;;;;;;;;;;;
3-11315862;Tartuttavuusluku on arvioitu Uudenmaan tietojen perusteella.;Lait/toimintasäännot;;;;;;;;;;;;;;;;;;;;;;;
3-11315862;Sairaaloissa olevien osasto- ja tehohoitopotilaiden määrä on kuitenkin tasaantunut tai kääntynyt laskuun kaikilla terveydenhoidon erityisvastuualueilla.;Määrä;;;;;;;;;;;;;;;;;;;;;;;
3-11315862;Rajoitukset purivat tehokkaasti;Ei_tarkistettavissa_oleva_väite;;;;;;;;;;;;;;;;;;;;;;;
3-11315862;Hillitäkseen koronatartuntoja hallitus asetti suomalaisten liikkumiselle tiukkoja rajoituksia ja pyrki vähentämään kohtaamisia.;Lait/toimintasäännot;;;;;;;;;;;;;;;;;;;;;;;
3-11315862;Esimerkiksi koulut toimivat etänä, yli kymmenen henkilön tapaamiset on kielletty ja esimerkiksi iäkkäitä ja riskiryhmiin kuuluvia on kehotettu pysymään kodeissaan.;Lait/toimintasäännot;;;;;;;;;;;;;;;;;;;;;;;
3-11315862;Ravintolat hallitus määräsi pysymään kiinni.;Lait/toimintasäännot;;;;;;;;;;;;;;;;;;;;;;;
3-11315862;Rajoitustoimien vaikutusta ei voitu etukäteen arvioida tarkkaan.;Muu;;;;;;;;;;;;;;;;;;;;;;;
3-11315862;Vänskän mukaan se mitä todellisuudessa on tapahtunut kertoo, kuinka paljon ihmisten käyttäytyminen on muuttunut.;Muu;;;;;;;;;;;;;;;;;;;;;;;
3-11315862;THL on arvioinut taudin huippua sairaaloissa osastoilla ja tehohoidossa olevien potilaiden määrän perusteella.;Lait/toimintasäännot;;;;;;;;;;;;;;;;;;;;;;;
3-11315862;[Määrät ovat kääntyneet laskuun.](https://thl.fi/fi/web/infektiotaudit-ja-rokotukset/ajankohtaista/ajankohtaista-koronaviruksesta-covid-19/tilannekatsaus-koronaviruksesta);Määrä;;;;;;;;;;;;;;;;;;;;;;;
3-11315862;Onko tautihuipun ohittaminen hyvä vai huono uutinen?;Ei_tarkistettavissa_oleva_väite;;;;;;;;;;;;;;;;;;;;;;;
3-11315862;Se riippuu siitä, minkä strategian Suomi valitsee.;Ei_tarkistettavissa_oleva_väite;;;;;;;;;;;;;;;;;;;;;;;
3-11315862;Vänskän mukaan Suomella on nyt valinnan paikka, mitä tehdään.;Muu;;;;;;;;;;;;;;;;;;;;;;;
3-11315862;– Jos valitaan tukahduttamisen strategia, tämä on sen mukaista.;Muu;;;;;;;;;;;;;;;;;;;;;;;
3-11315862;Jos taas valitaan sellainen, että epidemia kävisi väestön läpi kohtuullisessa ajassa, tämä pidentää sitä aikaa, THL:n erikoistutkija sanoo.;Muu;;;;;;;;;;;;;;;;;;;;;;;
3-11315862;Tähän asti Suomi on pyrkinyt jarruttamaan taudin leviämistä, jotta tehohoidon kapasiteetti riittää.;Lait/toimintasäännot;;;;;;;;;;;;;;;;;;;;;;;
3-11315862;Taloudellisesti rajoitukset ovat tulleet kalliiksi.;Määrä;;;;;;;;;;;;;;;;;;;;;;;
3-11315862;Sosiaali- ja terveysministeriön [kansliapäällikkö ](https://yle.fi/uutiset/3-11314637)Kirsi Varhila[ arvioi eilen](https://yle.fi/uutiset/3-11314637), että nykyisiä rajoituksia voitaisiin korvata lievemmillä ja tarkemmin kohdennetuilla, jos tartuntojen testaamista ja jäljittämistä lisätään.;Muu;;;;;;;;;;;;;;;;;;;;;;;
3-11315862;Otsikkoa vaihdettu 17.40;Ei_tarkistettavissa_oleva_väite;;;;;;;;;;;;;;;;;;;;;;;
3-11738983;13 vanhusta kuollut, hoitajat kertovat pelosta mennä töihin: Super syyttää, ettei hoitajille anneta kunnon maskeja, työnantaja kiistää  ;Muu;;;;;;;;;;;;;;;;;;;;;;;
3-11738983;Ammattiliitto Super arvostelee Tampereen kaupungin Rauhaniemen sairaalaa koronan hoidosta.;Muu;;;;;;;;;;;;;;;;;;;;;;;
3-11738983;Kiistaa on siitä, mikä suojain riittää.;Muu;;;;;;;;;;;;;;;;;;;;;;;
3-11738983;Koronaepidemia on jatkunut yli kuukauden vanhuksia hoitavassa Rauhaniemen sairaalassa Tampereella.;Määrä;;;;;;;;;;;;;;;;;;;;;;;
3-11738983;Hoitajia edustava Superliitto arvostelee sairaalaa ja THL:ää siitä, ettei hoitajien hyväksi ole tehty kaikkea voitavaa.;Muu;;;;;;;;;;;;;;;;;;;;;;;
3-11738983;Rauhaniemen sairaalassa on joulukuun alussa alkaneen epidemian aikana menehtynyt 13 tartunnan saanutta potilasta.;Määrä;;;;;;;;;;;;;;;;;;;;;;;
3-11738983;Tartuntoja on todettu potilailla ja henkilökunnalla yhteensä 112.;Määrä;;;;;;;;;;;;;;;;;;;;;;;
3-11738983;Yli 50 henkilökunnan jäsentä on saanut tartunnan, mikä on suuri määrä.;Määrä;;;;;;;;;;;;;;;;;;;;;;;
3-11738983;Rokotukset alkoivat vuoden lopussa, minkä jälkeen kaksi rokotettua ehti vielä saada tartunnan.;Muu;;;;;;;;;;;;;;;;;;;;;;;
3-11738983;Superin työympäristöasiantuntija Eija Kemppainen ihmettelee, kun työnantaja on kertonut, että kaikki ennalta ehkäisevät toimet on viritetty huippuunsa.;Muu;;;;;;;;;;;;;;;;;;;;;;;
3-11738983;– Tätä en uskonut ja lähdin selvittämään asiaa.;Muu;;;;;;;;;;;;;;;;;;;;;;;
3-11738983;Työntekijöiltä saamani tiedon mukaan puutteita siellä on ollut todella paljon, Kemppainen kertoo Ylelle.;Muu;;;;;;;;;;;;;;;;;;;;;;;
3-11738983;Kemppaisen mukaan suurin puute koskee sitä, että kunnon maskeja on ollut vaikea saada.;Muu;;;;;;;;;;;;;;;;;;;;;;;
3-11738983;Hänen mukaansa koronapotilaita hoitavat hoitajat ovat joutuneet käyttämään kirurgisia hengityssuojaimia.;Muu;;;;;;;;;;;;;;;;;;;;;;;
3-11738983;– Meille on kerrottu, että FFP-hengityksensuojaimia on vähän ja niitä pitää käyttää harvoin.;Muu;;;;;;;;;;;;;;;;;;;;;;;
3-11738983;Hoitajat sanovat, että FFP-suojaimet ovat kiven alla.;Muu;;;;;;;;;;;;;;;;;;;;;;;
3-11738983;Kemppainen kirjoitti asiasta myös[ blogikirjoituksen Superin sivuille](https://www.superliitto.fi/viestinta/blogit/hoitajien-tyoturvallisuudesta-ei-edelleenkaan-huolehdita-riittavasti-ennaltaehkaisevia-toimia-tarvitaan-enemman/).;Muu;;;;;;;;;;;;;;;;;;;;;;;
3-11738983;– Koronapotilaita hoitavissa vanhustenhoidon yksiköissä pitää saada käyttää vastaavanlaisia henkilönsuojaimia kuin sairaalamaailmassakin.;Muu;;;;;;;;;;;;;;;;;;;;;;;
3-11738983;Kirurgisten hengityssuojaimien käyttö koronapotilaita hoidettaessa ei ole riittävä, vaan tarvitaan tarkoitukseen sopiva FFP-hengityksensuojain.;Muu;;;;;;;;;;;;;;;;;;;;;;;
3-11738983;Työnantaja kiistää;Ei_tarkistettavissa_oleva_väite;;;;;;;;;;;;;;;;;;;;;;;
3-11738983;Hallintoylilääkäri Lauri Seinelä kiistää syytökset.;Muu;;;;;;;;;;;;;;;;;;;;;;;
3-11738983;Hänen mukaansa FFP-suojaimia käytetään aina ohjeiden mukaisesti esimerkiksi kun kyse on pisaratartunnan vaarasta.;Muu;;;;;;;;;;;;;;;;;;;;;;;
3-11738983;Hänen mukaansa Rauhaniemessä on käytetty eristyksen asteeseen soveltuvia maskeja ja visiirejä.;Muu;;;;;;;;;;;;;;;;;;;;;;;
3-11738983;– Hoitajilla on ohjeen mukaiset suojaimet, joita käytetään koronapotilaiden hoidossa erikoissairaanhoidossa ja Rauhaniemessä.;Muu;;;;;;;;;;;;;;;;;;;;;;;
3-11738983;Nyt ei ole ollut suojaimista kiinni.;Ei_tarkistettavissa_oleva_väite;;;;;;;;;;;;;;;;;;;;;;;
3-11738983;Keväällä olisi ollut hankalampaa, Seinelä sanoo.;Muu;;;;;;;;;;;;;;;;;;;;;;;
3-11738983;Tampereen kaupungin epidemiologi Sirpa Räsänen sanoo, että FFP-suojainta tarvitaan vain tietyissä, esimerkiksi aerosoleja tuottavissa toimenpiteissä.;Muu;;;;;;;;;;;;;;;;;;;;;;;
3-11738983;Asiaa on Räsäsen mukaan pohdittu sairaanhoitopiirin kanssa.;Muu;;;;;;;;;;;;;;;;;;;;;;;
3-11738983;– Infektiolääkärien kanssa olemme päätyneet siihen, että FFP-suojainten käyttö ei sitä tilannetta ratkaise, Räsänen kommentoi.;Muu;;;;;;;;;;;;;;;;;;;;;;;
3-11738983;Ainakin osa hoitajista pelkää;Muu;;;;;;;;;;;;;;;;;;;;;;;
3-11738983;Hoitajat ovat kirjelmöineet asiasta ammattiliitolle.;Muu;;;;;;;;;;;;;;;;;;;;;;;
3-11738983;– Hoitajat pelkäävät ja he ovat harmistuneita.;Muu;;;;;;;;;;;;;;;;;;;;;;;
3-11738983;Heitä myös syyllistetään, että he eivät ole toimineet oikealla tavalla, Kemppainen kertoo viesteistä.;Muu;;;;;;;;;;;;;;;;;;;;;;;
3-11738983;Hallintoylilääkäri Seinelän mukaan pelko on ymmärrettävää, koska henkilökunnassa on paljon tartunnan saaneita.;Muu;;;;;;;;;;;;;;;;;;;;;;;
3-11738983;Jonkun pitää kuitenkin hoitaa myös koronapotilaat, Seinelä sanoo.;Muu;;;;;;;;;;;;;;;;;;;;;;;
3-11738983;– Minulle tulleen palautteen mukaan osa henkilökunnasta on tehnyt töitä myös tyytyväisinä.;Muu;;;;;;;;;;;;;;;;;;;;;;;
3-11738983;Tilanne on totta kai fyysisesti ja henkisesti raskas.;Henkilökohtainen_kokemus;;;;;;;;;;;;;;;;;;;;;;;
3-11738983;Hattua pitää nostaa henkilökunnalle, joka on tehnyt töitä.;Ei_tarkistettavissa_oleva_väite;;;;;;;;;;;;;;;;;;;;;;;
3-11738983;Torstaina ei tullut uusia tartuntoja.;Määrä;;;;;;;;;;;;;;;;;;;;;;;
3-11738983;– Pääosa potilaiden eristyksistä on päästy purkamaan.;Muu;;;;;;;;;;;;;;;;;;;;;;;
3-11738983;Näyttäisi siltä, että tilanne on rauhoittumaan päin.;Ennuste;;;;;;;;;;;;;;;;;;;;;;;
3-11738983;Super pyytänyt ohjeiden päivitystä;Ei_tarkistettavissa_oleva_väite;;;;;;;;;;;;;;;;;;;;;;;
3-11738983;Superin Kemppaisen mukaan ongelman ydin on, että [THL:n ohjeistuksissa](https://thl.fi/fi/web/infektiotaudit-ja-rokotukset/taudit-ja-torjunta/taudit-ja-taudinaiheuttajat-a-o/koronavirus-covid-19/koronavirustartuntojen-torjunta-pitkaaikaishoidon-ja-hoivan-toimintayksikoissa#levi%C3%A4minentoimintayksikk%C3%B6%C3%B6n) nettisivuilla kirurginen suusuojain on riittävä jopa koronapositiivisen hoidossa.;Lait/toimintasäännot;;;;;;;;;;;;;;;;;;;;;;;
3-11738983;Yle on pyytänyt THL:ltä kommenttia ohjeista, mutta ei ole vielä saanut sitä.;Muu;;;;;;;;;;;;;;;;;;;;;;;
3-11738983;Super on ollut yhteydessä THL:ään asiasta.;Muu;;;;;;;;;;;;;;;;;;;;;;;
3-11738983;Superliiton Kemppaisen mukaan vanhusten hoitopaikkojen tilat ovat usein huonokuntoisia.;Muu;;;;;;;;;;;;;;;;;;;;;;;
3-11738983;Hänen tietojensa mukaan tämä on vaikeuttanut työtä myös Rauhaniemen sairaalassa.;Muu;;;;;;;;;;;;;;;;;;;;;;;
3-11738983;Kemppainen arvostelee myös sovellettua karanteenia, joka oli ainakin alkuun käytössä Rauhaniemen sairaalassa.;Muu;;;;;;;;;;;;;;;;;;;;;;;
3-11738983;Altistuneet hoitajat ovat olleet töissä, koska työntekijöitä ei saatu tarpeeksi.;Lait/toimintasäännot;;;;;;;;;;;;;;;;;;;;;;;
3-11738983;Sovellettua karanteenia ei ole käytetty Tampereen kaupungin mukaan aikoihin.;Muu;;;;;;;;;;;;;;;;;;;;;;;
64-3-58651;Koronaruuhka lykkää Satasairaalan kiireettömiä leikkauksia;Lait/toimintasäännot;;;;;;;;;;;;;;;;;;;;;;;
64-3-58651;Satakunnan alueen erikoissairaanhoidosta vastaava Satasairaala joutuu perumaan torstaille ja perjantaille suunniteltuja kiireettömiä leikkauksia.;Lait/toimintasäännot;;;;;;;;;;;;;;;;;;;;;;;
64-3-58651;Kyse on leikkauksista, joiden jälkeen vaaditaan vuodeosastohoitoa.;Lait/toimintasäännot;;;;;;;;;;;;;;;;;;;;;;;
64-3-58651;Leikatuille potilaille ei ole riittävästi vuodepaikkoja.;Lait/toimintasäännot;;;;;;;;;;;;;;;;;;;;;;;
64-3-58651;Satasairaalan vuodeosastoilla on tällä hetkellä runsaasti potilaita, jotka odottavat siirtoa perusterveydenhuoltoon, mikä ruuhkauttaa osastoja.;Määrä;;;;;;;;;;;;;;;;;;;;;;;
64-3-58651;Perusterveydenhuollossa puolestaan ei ole jatkohoitopaikkoja, koska osastoilla on paljon koronapotilaita ja henkilökuntaa on koronan takia sairauslomilla.;Määrä;;;;;;;;;;;;;;;;;;;;;;;
64-3-58651;Tilannetta hankaloittaa lisäksi kuun vaihtuessa voimaan tullut hoitajajärjestöjen Tehyn ja Superinylityö- ja vuoronvaihtokielto (https://yle.fi/uutiset/3-12043017/64-3-58184) .;Lait/toimintasäännot;;;;;;;;;;;;;;;;;;;;;;;
3-12125060;Etelä-Pohjanmaalla on huoli alhaisesta rokotuskattavuudesta nyt, kun rajoitukset poistuvat;Muu;;;;;;;;;;;;;;;;;;;;;;;
3-12125060;Järvi-Pohjanmaan pandemiajohtoryhmä toivoo, että ihmiset kävisivät ottamassa rokotteen.;Muu;;;;;;;;;;;;;;;;;;;;;;;
3-12125060;Huolena on, että tautitilanne heikkenee, kun rajoitukset poistuvat.;Muu;;;;;;;;;;;;;;;;;;;;;;;
3-12125060;Yhteiskunta on avautumassa rajoituksista normaaliin elämään, vaikka rokotekattavuus on paikoin vielä matala.;Lait/toimintasäännot;;;;;;;;;;;;;;;;;;;;;;;
3-12125060;Etelä-Pohjanmaan maakunnassa on koko maan matalin rokotekattavuus.;Määrä;;;;;;;;;;;;;;;;;;;;;;;
3-12125060;Monessa eteläpohjalaiskunnassa vasta noin puolet väestöstä on saanut kaksi rokotetta.;Määrä;;;;;;;;;;;;;;;;;;;;;;;
3-12125060;Esimerkiksi Alajärven matala rokotuskattavuus huolestuttaa terveydenhuollon ammattilaisia.;Muu;;;;;;;;;;;;;;;;;;;;;;;
3-12125060;Järvi-Pohjanmaan pandemiajohtoryhmä toivoo, että ihmiset kävisivät ottamassa rokotteen.;Muu;;;;;;;;;;;;;;;;;;;;;;;
3-12125060;– Alueellamme on riski koronatilanteen äkilliseen huononemiseen nyt, kun yhteiskunnan toiminnot avautuvat, todetaan johtoryhmän tiedotteessa.;Muu;;;;;;;;;;;;;;;;;;;;;;;
3-12125060;Pandemiajohtoryhmä listaa hyötyjä rokotteesta, kuten sen, että sillä voi turvata terveydenhuollon toimintakykyä, välttyä karanteeneilta ja koronatesteiltä lievissä flunssatapauksissa, matkustaa rokotetodistuksen turvin sekä tietenkin suojautua tartunnan saamiselta.;Muu;;;;;;;;;;;;;;;;;;;;;;;
3-12125060;Nuoret ikäluokat;Ei_tarkistettavissa_oleva_väite;;;;;;;;;;;;;;;;;;;;;;;
3-12125060;Alajärvellä yhden rokotuksen on saanut noin 67 prosenttia ja kaksi rokotetta noin 57 prosenttia väestöstä.;Määrä;;;;;;;;;;;;;;;;;;;;;;;
3-12125060;Kummassakin on noin viiden prosenttiyksikön takamatka koko maan rokotekattavuuteen ja peräti kymmenen prosenttiyksikön takamatka naapurikuntaan Vimpeliin.;Määrä;;;;;;;;;;;;;;;;;;;;;;;
3-12125060;Järvi-Pohjanmaan vt. perusturvajohtaja Jaakko Anttila sanoo, että etenkin 20–30-vuotiaiden ikäluokissa rokotteita on otettu vähän.;Määrä;;;;;;;;;;;;;;;;;;;;;;;
3-12125060;– Se on hieman huolestuttavaa, koska juuri sen ikäiset ovat sosiaalisesti aktiivisia ja liikkuvat paljon, sanoo Anttila.;Muu;;;;;;;;;;;;;;;;;;;;;;;
3-12125060;Järvi-Pohjanmaalla järjestetään ns. walk-in-rokotustapahtumia tiistaisin Alajärvellä, Lappajärvellä ja Vimpelissä, jonne voi mennä ilman ajanvarausta.;Lait/toimintasäännot;;;;;;;;;;;;;;;;;;;;;;;
3-12125060;Etelä-Pohjanmaalla todettiin eilen 12 uutta koronavirustapausta.;Määrä;;;;;;;;;;;;;;;;;;;;;;;
3-12125060;Tällä viikolla uudet todetut [tapaukset ovat jälleen olleet kasvussa](https://yle.fi/uutiset/3-12123098).;Määrä;;;;;;;;;;;;;;;;;;;;;;;
3-12125060;Maakunta on pandemian perustasolla.;Ei_tarkistettavissa_oleva_väite;;;;;;;;;;;;;;;;;;;;;;;
3-11923314;Euran terveyskeskussairaalassa 29 potilasta altistunut koronalle;Määrä;;;;;;;;;;;;;;;;;;;;;;;
3-11923314;Lisäksi 12 Euran terveyskeskussairaalan työntekijää ja neljä ulkopuolista on altistunut koronavirukselle.;Määrä;;;;;;;;;;;;;;;;;;;;;;;
3-11923314;Euran terveyskeskussairaalassa on tapahtunut joukkoaltistuminen koronalle.;Muu;;;;;;;;;;;;;;;;;;;;;;;
3-11923314;Henkilökuntaan kuuluvalla rokottamattomalla työntekijällä todettiin sunnuntaina koronatartunta.;Muu;;;;;;;;;;;;;;;;;;;;;;;
3-11923314;Kaikki vuodeosastolla 3. - 8. toukokuuta olleet 29 potilasta on asetettu kahden viikon karanteeniin.;Lait/toimintasäännot;;;;;;;;;;;;;;;;;;;;;;;
3-11923314;Lisäksi karanteenissa on 12 henkilökunnan jäsentä ja neljä ulkopuolista henkilöä.;Määrä;;;;;;;;;;;;;;;;;;;;;;;
3-11923314;Altistuneita on paljon, sillä koronaan sairastuneen työntekijän oireet ovat olleet epätyypilliset ja tartuttavuus alkaa jo kaksi päivää ennen oireiden alkua, kerrotaan Euran kunnan tiedotteessa.;Muu;;;;;;;;;;;;;;;;;;;;;;;
3-11923314;Jatkotartuntojen uskotaan jäävän vähäisiksi;Muu;;;;;;;;;;;;;;;;;;;;;;;
3-11923314;Terveyskeskussairaalassa on noudatettu suojautumis- ja hygieniaohjeita ja käytetty maskeja potilastyössä.;Muu;;;;;;;;;;;;;;;;;;;;;;;
3-11923314;Suojaamattomia lähikontakteja on syntynyt ruokailutilanteissa.;Muu;;;;;;;;;;;;;;;;;;;;;;;
3-11923314;Suurin osa terveyskeskussairaalan työntekijöistä on saanut kaksi koronarokotetta.;Määrä;;;;;;;;;;;;;;;;;;;;;;;
3-11923314;Potilaistakin moni on saanut ainakin yhden rokotteen.;Määrä;;;;;;;;;;;;;;;;;;;;;;;
3-11923314;Tämän vuoksi jatkotartuntojen määrän arvellaan jäävän melko vähäiseksi.;Muu;;;;;;;;;;;;;;;;;;;;;;;
3-11923314;Potilasliikenne vuodeosastolle pysäytetään karanteenin ajaksi;Lait/toimintasäännot;;;;;;;;;;;;;;;;;;;;;;;
3-11923314;Samasta syystä osastolla ei voi toistaiseksi vierailla kuin erityistilanteissa.;Lait/toimintasäännot;;;;;;;;;;;;;;;;;;;;;;;
74-20067564;”Ulkopolitiikkamme oli teeskentelyä”– ukrainalaisupseeri paljasti tutkimuksessaan Putinin suunnitelman pitkät juuret;Muu;;;;;;;;;;;;;;;;;;;;;;;
74-20067564;Ukrainan asevoimien upseeri Denys Jurtšenko kertoo Ylelle Ukrainan ja Venäjän suhteita käsittelevän tutkimuksensa kiinnostavimmat tulokset.;Muu;;;;;;;;;;;;;;;;;;;;;;;
74-20067564;KIOVA/HELSINKI Kun venäläiset aloittivat suurhyökkäyksensä Ukrainaan helmikuussa kaksi vuotta sitten, Denys Jurtšenko heräsi ilmahälytykseen ja ilmatorjunnan ääniin.;Henkilökohtainen_kokemus;;;;;;;;;;;;;;;;;;;;;;;
74-20067564;– Ensimmäinen ajatukseni oli saada perheeni pois, Jurtšenko kertoo.;Muu;;;;;;;;;;;;;;;;;;;;;;;
74-20067564;Hän auttoi raskaana olevaa vaimoaan pakkaamaan tämän ja heidän kaksivuotiaan poikansa tavarat ja pakenemaan sukulaisten luo parinsadan kilometrin päähän heidän kotikaupungistaan Kiovasta;Ei_tarkistettavissa_oleva_väite;;;;;;;;;;;;;;;;;;;;;;;
74-20067564;– Olimme tunnissa ulkona, ja sitten piti sanoa nopeasti hyvästit.;Muu;;;;;;;;;;;;;;;;;;;;;;;
74-20067564;Pohdin, mitä haluan vaimoni kertovan minusta tulevalle tyttärellemme, jos en näkisi häntä, Jurtšenko muistelee.;Muu;;;;;;;;;;;;;;;;;;;;;;;
74-20067564;”Venäjä tulee taistelemaan pitkään”;Ei_tarkistettavissa_oleva_väite;;;;;;;;;;;;;;;;;;;;;;;
74-20067564;Nyt sotaa on kestänyt liki kaksi vuotta, ja Ukraina on uudistanut asevoimiensa toimintaa länsimaisten oppien mukaan.;Lait/toimintasäännot;;;;;;;;;;;;;;;;;;;;;;;
74-20067564;Denys Jurtšenko on osallistunut lukuisiin Naton koulutuksiin sen jälkeen, kun Venäjä miehitti Krimin ja aloitti sodan Ukrainan itäosissa vuonna 2014.;Muu;;;;;;;;;;;;;;;;;;;;;;;
74-20067564;Hän on opiskellut länsimaista sotaoppia muuallakin, viimeksi Nato-kurssilla Suomen Maanpuolustuskorkeakoulussa.;Muu;;;;;;;;;;;;;;;;;;;;;;;
74-20067564;Jurtšenko työskentelee Ukrainan asevoimien turvallisuusosastolla ja tutkijana Latvian maanpuolustuskorkeakoulussa.;Muu;;;;;;;;;;;;;;;;;;;;;;;
74-20067564;Hänen tutkimuksensa käsittelee Venäjän syitä hyökkäykseen ja sodan päättymisen eri vaihtoehtoja.;Muu;;;;;;;;;;;;;;;;;;;;;;;
74-20067564;Lännen materiaaliapu ja asevoimien Nato-koulutus ovat Jurtšenkon mukaan keskeisiä Ukrainan sodankäynnille.;Muu;;;;;;;;;;;;;;;;;;;;;;;
74-20067564;Yksi tärkeimmistä Nato-oppien avulla tehdyistä uudistuksista on komentojärjestelmän hajauttaminen.;Ei_tarkistettavissa_oleva_väite;;;;;;;;;;;;;;;;;;;;;;;
74-20067564;Se tarkoittaa, että yksiköt tekevät itsenäisiä päätöksiä tavoitteen saavuttamiseksi sen sijaan, että noudattavat orjallisesti ylhäältä tulevia komentoja.;Lait/toimintasäännot;;;;;;;;;;;;;;;;;;;;;;;
74-20067564;– Näemme koulutuksen tuloksen.;Muu;;;;;;;;;;;;;;;;;;;;;;;
74-20067564;Rintamalla nuori päällikkö voi tehdä päätöksiä eikä vain odottaa ohjeita, sanoo Jurtšenko.;Muu;;;;;;;;;;;;;;;;;;;;;;;
74-20067564;– Tämä on täysin erilainen menetelmä verrattuna neuvostoarmeijan tiukasti hierarkkiseen ja keskusjohtoiseen tapaan toimia.;Muu;;;;;;;;;;;;;;;;;;;;;;;
74-20067564;Uuden komentojärjestelmän omaksuminen vie Jurtšenkon mukaan aikaa.;Muu;;;;;;;;;;;;;;;;;;;;;;;
74-20067564;Osa sotilaista on koulutettu Neuvostoliitossa, ja kouluttaminen on hankalaa sodan aikana.;Muu;;;;;;;;;;;;;;;;;;;;;;;
74-20067564;Selvää Jurtšenkon mukaan kuitenkin on, että Ukraina ei voi voittaa sotaa neuvostoaikaisilla operaatioilla.;Muu;;;;;;;;;;;;;;;;;;;;;;;
74-20067564;– Pieni puna-armeija ei voi voittaa suurta puna-armeijaa.;Muu;;;;;;;;;;;;;;;;;;;;;;;
74-20067564;Ukrainan pitää olla modernimpi, hän toteaa.;Muu;;;;;;;;;;;;;;;;;;;;;;;
74-20067564;Viime syksyyn mennessä [yli 60 000 ukrainalaista](https://www.opendemocracy.net/en/odr/ukraine-russia-training-nato-west-military/) sotilasta oli osallistunut sotilaskoulutukseen lännessä.;Määrä;;;;;;;;;;;;;;;;;;;;;;;
74-20067564;Jurtšenkon mukaan Naton koulutuksen pitäisi tapahtua kaikilla asevoimien tasoilla, jotta ne pystyisivät toimimaan yhteen.;Muu;;;;;;;;;;;;;;;;;;;;;;;
74-20067564;Jurtšenkon mukaan kaikkien asevoimien tasojen pitäisi saada Natolta koulutusta, jotta ne pystyisivät toimimaan yhteen.;Muu;;;;;;;;;;;;;;;;;;;;;;;
74-20067564;Myös Venäjän armeija on muuttunut Neuvostoliiton ajoilta.;Lait/toimintasäännot;;;;;;;;;;;;;;;;;;;;;;;
74-20067564;– He taistelevat nopeasti ja vaihtavat taktiikkaa.;Muu;;;;;;;;;;;;;;;;;;;;;;;
74-20067564;Tämän kahden vuoden aikana he ovat vaihtaneet taktiikkaa jo useaan kertaan, toteaa Jurtšenko.;Muu;;;;;;;;;;;;;;;;;;;;;;;
74-20067564;”Vaikka Venäjä voitettaisiin, se pysyy vaarallisena”;Muu;;;;;;;;;;;;;;;;;;;;;;;
74-20067564;Jurtšenko on tutkinut eri vaihtoehtoja, joihin sota voi päättyä – myös sitä, mitä Euroopassa tapahtuu, jos Venäjä voittaa.;Muu;;;;;;;;;;;;;;;;;;;;;;;
74-20067564;Hän on samoilla linjoilla monien [tutkijoiden](https://yle.fi/a/74-20064091) kanssa siitä, että Venäjä voi mahdollisen voiton jälkeen hyökätä Nato-maahan.;Muu;;;;;;;;;;;;;;;;;;;;;;;
74-20067564;– Venäjä tulee käyttämään Ukrainan resursseja vahvistuakseen, ja sen jälkeen se hyökkää johonkin toiseen maahan, mahdollisesti Naton jäseneen.;Muu;;;;;;;;;;;;;;;;;;;;;;;
74-20067564;Jurtšenko ottaa esimerkiksi Baltian maat.;Muu;;;;;;;;;;;;;;;;;;;;;;;
74-20067564;Ne ovat hänen mukaansa ymmärtäneet, että sota saattaa levitä niiden alueelle.;Muu;;;;;;;;;;;;;;;;;;;;;;;
74-20067564;– Baltian mailla on pitkä historia Venäjän kanssa, eikä niillä ole harhakuvitelmia modernista Venäjästä ja sen tavoitteista.;Muu;;;;;;;;;;;;;;;;;;;;;;;
74-20067564;Vaikka Venäjä voitettaisiin, se pysyy vaarallisena.;Ei_tarkistettavissa_oleva_väite;;;;;;;;;;;;;;;;;;;;;;;
74-20067564;Meidän pitää olla varuillamme aina.;Ei_tarkistettavissa_oleva_väite;;;;;;;;;;;;;;;;;;;;;;;
74-20067564;Jurtšenko uskoo, että Venäjä taistelee pitkään.;Muu;;;;;;;;;;;;;;;;;;;;;;;
74-20067564;Sodan laajeneminenkin on hänestä mahdollista.;Muu;;;;;;;;;;;;;;;;;;;;;;;
74-20067564;Miksi Venäjä hyökkäsi?;Ei_tarkistettavissa_oleva_väite;;;;;;;;;;;;;;;;;;;;;;;
74-20067564;Entä mitä Jurtšenkon tutkimus paljastaa Venäjän syistä hyökätä Ukrainaan?;Ei_tarkistettavissa_oleva_väite;;;;;;;;;;;;;;;;;;;;;;;
74-20067564;Nuori upseeri halusi päästä vihollisen pään sisään ymmärtääkseen Venäjän ajatuksenjuoksua.;Henkilökohtainen_kokemus;;;;;;;;;;;;;;;;;;;;;;;
74-20067564;– Yksinkertaistettuna voi sanoa, että unohdimme, keitä venäläiset ovat.;Muu;;;;;;;;;;;;;;;;;;;;;;;
74-20067564;Koko länsi unohti;Ei_tarkistettavissa_oleva_väite;;;;;;;;;;;;;;;;;;;;;;;
74-20067564;Autoimme venäläisiä kasvamaan, sanoo Jurtšenko.;Muu;;;;;;;;;;;;;;;;;;;;;;;
74-20067564;Neuvostoliitto hajosi vuonna 1991.;Lait/toimintasäännot;;;;;;;;;;;;;;;;;;;;;;;
74-20067564;Niin Venäjä kuin Ukrainakin nousivat sen raunioilta samana vuonna.;Muu;;;;;;;;;;;;;;;;;;;;;;;
74-20067564;Jurtšenkon tutkimuksen mukaan Venäjä alkoi jo 1990-luvulla määritellä länttä ja Natoa päävastustajikseen.;Muu;;;;;;;;;;;;;;;;;;;;;;;
74-20067564;Tuolla vuosikymmenellä Moskovassa muovautui myös käsitys, jonka mukaan Ukrainan itsenäisyys on väärin ja uhka Venäjän globaalille valta-asemalle.;Muu;;;;;;;;;;;;;;;;;;;;;;;
74-20067564;Jo Boris Jeltsin olisi halunnut Jurtšenkon tutkimuksen mukaan vallata Ukrainan takaisin, mutta hänellä ei ollut siihen tarpeeksi valtaa.;Muu;;;;;;;;;;;;;;;;;;;;;;;
74-20067564;Jeltsin toimi Venäjän presidenttinä vuodet 1991–1999.;Lait/toimintasäännot;;;;;;;;;;;;;;;;;;;;;;;
74-20067564;Vladimir Putin tuli valtaan 1999.;Lait/toimintasäännot;;;;;;;;;;;;;;;;;;;;;;;
74-20067564;Ukraina ja Venäjä allekirjoittivat ystävyyssopimuksen vuonna 1997.;Lait/toimintasäännot;;;;;;;;;;;;;;;;;;;;;;;
74-20067564;Jurtšenkon tutkimuksen mukaan maiden välinen ulkopolitiikka 90-luvulla oli kuitenkin teeskentelyä.;Muu;;;;;;;;;;;;;;;;;;;;;;;
74-20067564;Vladimir Putinin valtaantulon jälkeen vuonna 1999 yhteistyö lähti vahvemmin toiseen suuntaan.;Ei_tarkistettavissa_oleva_väite;;;;;;;;;;;;;;;;;;;;;;;
74-20067564;”Halusimme uskoa, että Venäjä haluaa tehdä yhteistyötä.;Ei_tarkistettavissa_oleva_väite;;;;;;;;;;;;;;;;;;;;;;;
74-20067564;Mutta Venäjä tekee yhteistyötä vain silloin, kun se haluaa jotakin”, Jurtšenko kirjoittaa tutkimuksessaan.;Muu;;;;;;;;;;;;;;;;;;;;;;;
74-20067564;Putinin ajatusmaailma tulee Jurtšenkon mukaan esiin tämän väitteessä, että ”nykyaikainen Ukraina on kokonaan neuvostoajan tuote”.;Muu;;;;;;;;;;;;;;;;;;;;;;;
74-20067564;Putin on korostanut kirjoituksissaan, että Kiovasta käsin johdettu muinainen valtakunta Kiovan Rus on venäläisen sivilisaation isänmaa ja väittänyt, että venäläiset, valkovenäläiset ja ukrainalaiset olisivat samaa kansaa.;Muu;;;;;;;;;;;;;;;;;;;;;;;
74-20067564;– Olemme heille vain väärää kieltä puhuvia venäläisiä, vaikka olemme täysin eri kansakuntia, sanoo Jurtšenko.;Muu;;;;;;;;;;;;;;;;;;;;;;;
74-20067564;Putinille viimeinen niitti oli Ukrainan vallankumous vuonna 2014.;Ei_tarkistettavissa_oleva_väite;;;;;;;;;;;;;;;;;;;;;;;
74-20067564;Se käy ilmi useista tutkimuksista.;Muu;;;;;;;;;;;;;;;;;;;;;;;
74-20067564;Putin yritti auttaa Ukrainan silloista venäjämielistä presidenttiä Viktor Janukovitshia [pysäyttämään mielenosoitukset](https://yle.fi/a/3-12385667) mutta ei onnistunut.;Muu;;;;;;;;;;;;;;;;;;;;;;;
74-20067564;Venäjälle se merkitsi, että[ Ukraina valitsi lännen](https://yle.fi/a/3-12385667) suunnan.;Muu;;;;;;;;;;;;;;;;;;;;;;;
74-20067564;”Venäjän johtajat ovat uskoneet vahvasti, että länsi muutti tietoisesti \[eri maiden\] Venäjä-mielisiä hallituksia ja sekaantui Venäjän vaikutuspiiriin”, Jurtshenko toteaa tutkimuksessaan.;Muu;;;;;;;;;;;;;;;;;;;;;;;
74-20067564;Jurtšenkon mukaan Venäjän suurhyökkäyksestä Ukrainaan oli kyllä merkkejä ja virallisiakin lausuntoja ennen helmikuuta 2022, mutta harvassa olivat ne, jotka pitivät tällaista sodankäyntiä mahdollisena 2020-luvulla.;Muu;;;;;;;;;;;;;;;;;;;;;;;
74-20067564;Jurtšenkon pahin pelko hänen omassa elämässään ei onneksi toteutunut, vaan hän on saanut seurata sodan aikana syntyneen tyttärensä kasvua.;Henkilökohtainen_kokemus;;;;;;;;;;;;;;;;;;;;;;;
74-20067564;Sota kuitenkin jatkuu.;Muu;;;;;;;;;;;;;;;;;;;;;;;
74-20067564;– Meidän on jatkettava tätä sodankäyntiä.;Muu;;;;;;;;;;;;;;;;;;;;;;;
74-20067564;Venäläiset ovat aloittaneet uuden vaiheen historiassaan, ja jos he antavat periksi, Venäjä loppuu nykyisen kaltaisena, toteaa Jurtšenko.;Muu;;;;;;;;;;;;;;;;;;;;;;;
74-20035385;Moni Venäjälle jäänyt sodan vastustaja kokee tulleensa ”joka suunnasta unohdetuksi”, sanoo Suomi-Venäjä-seuran Niina Sinkko;Muu;;;;;;;;;;;;;;;;;;;;;;;
74-20035385;–Venäjä-seuran pääsihteerin mukaan moni venäläinen toisinajattelija kokee, että tämä on se hetki maailmanhistoriassa, jolloin suvut Venäjällä hajoavat ja mielipiteet jakautuvat.;Muu;;;;;;;;;;;;;;;;;;;;;;;
74-20035385;Liberaaleilla venäläisillä on enää vähän suuntia, joihin lähteä kotimaastaan, kertoo Suomi-Venäjä-seuran pääsihteeri Niina Sinkko [8 minuuttia -ohjelmassa](https://areena.yle.fi/1-65379883).;Muu;;;;;;;;;;;;;;;;;;;;;;;
74-20035385;Toimittaja Olivia Din Belle kysyi, mikä näiden venäläisten tilanne on nyt.;Muu;;;;;;;;;;;;;;;;;;;;;;;
74-20035385;Mikä on tavallisen venäläisen vastuu tilanteessa, jossa ukrainalaiset ovat valmiita kuolemaan vapaan ja demokraattisen Ukrainan puolesta.;Ei_tarkistettavissa_oleva_väite;;;;;;;;;;;;;;;;;;;;;;;
74-20035385;Voimmeko vaatia samaa venäläisiltä?;Ei_tarkistettavissa_oleva_väite;;;;;;;;;;;;;;;;;;;;;;;
74-20035385;– Totta kai Venäjän yhteiskunta, Venäjän kansalaiset ovat päästäneet tilanteen liukumaan siihen tilanteeseen mikä se nyt on.;Muu;;;;;;;;;;;;;;;;;;;;;;;
74-20035385;Se on pitkän ajan tulos.;Ei_tarkistettavissa_oleva_väite;;;;;;;;;;;;;;;;;;;;;;;
74-20035385;Täytyisi toisaalta ymmärtää, että venäläiset ihmiset elävät diktatuurissa.;Ei_tarkistettavissa_oleva_väite;;;;;;;;;;;;;;;;;;;;;;;
74-20035385;He eivät elä yhteiskunnassa, jossa toimiminen on mahdollista, Sinkko kertaa.;Muu;;;;;;;;;;;;;;;;;;;;;;;
74-20035385;Sinkon mukaan näyttää siltä, että tällä hetkellä Venäjältä puuttuu kokonaan joukkovoima.;Muu;;;;;;;;;;;;;;;;;;;;;;;
74-20035385;Toisenlaista suuntaa näyttävä oppositio on tukahdutettu.;Lait/toimintasäännot;;;;;;;;;;;;;;;;;;;;;;;
74-20035385;Oppositiota ja sotaa vastustavia ihmisiä on lähtenyt Venäjältä.;Muu;;;;;;;;;;;;;;;;;;;;;;;
74-20035385;Mitkä maat ottavat tällä hetkellä vastaan venäläisiä ja millä ehdoilla?;Ei_tarkistettavissa_oleva_väite;;;;;;;;;;;;;;;;;;;;;;;
74-20035385;– Heidän suuntansa alkavat käydä aika lailla vähiin.;Muu;;;;;;;;;;;;;;;;;;;;;;;
74-20035385;Tällä hetkellä pakeneminen tapahtuu Venäjän eteläpuolella sijaitsevien maiden kautta, Sinkko kertoo.;Muu;;;;;;;;;;;;;;;;;;;;;;;
74-20035385;Miten Suomi ottaa tällä hetkellä venäläisiä vastaan?;Ei_tarkistettavissa_oleva_väite;;;;;;;;;;;;;;;;;;;;;;;
74-20035385;– Suomeen on tullut sodan alkamisen jälkeen paljon erilaisia ihmisiä Venäjältä.;Muu;;;;;;;;;;;;;;;;;;;;;;;
74-20035385;On tullut ihmisiä mobilisointia pakoon ja sitten heitä, joille Venäjä tuli heti sodan alkamisen jälkeen hyvin ahtaaksi.;Muu;;;;;;;;;;;;;;;;;;;;;;;
74-20035385;Olet paljon tekemisissä venäläisen, sotaa vastustavan kansalaisyhteiskunnan kanssa.;Muu;;;;;;;;;;;;;;;;;;;;;;;
74-20035385;Millaisia tarinoita näillä ihmisillä on?;Ei_tarkistettavissa_oleva_väite;;;;;;;;;;;;;;;;;;;;;;;
74-20035385;– On kahdenlaisia tarinoita.;Muu;;;;;;;;;;;;;;;;;;;;;;;
74-20035385;On heitä, jotka ovat täällä lännessä ja jotka ovat voineet tulla tänne helpommin.;Muu;;;;;;;;;;;;;;;;;;;;;;;
74-20035385;Täällä he ovat saattaneet yllättyä siitä, että voivat puhua vapaammin.;Muu;;;;;;;;;;;;;;;;;;;;;;;
74-20035385;– Venäjälle jääneiden sodan vastustajien tilanne on vaikea.;Muu;;;;;;;;;;;;;;;;;;;;;;;
74-20035385;Varsinkin pienissä kylissä.;Muu;;;;;;;;;;;;;;;;;;;;;;;
74-20035385;Moni heistä kokee olevansa joka suunnasta unohdettuja.;Muu;;;;;;;;;;;;;;;;;;;;;;;
74-20035385;Lähipiiristä heitä ei tue kukaan.;Muu;;;;;;;;;;;;;;;;;;;;;;;
74-20035385;– Toiminta on todella maan alle painunutta.;Muu;;;;;;;;;;;;;;;;;;;;;;;
74-20035385;Tilanne on aika raaka.;Muu;;;;;;;;;;;;;;;;;;;;;;;
74-20035385;Moni on voinut tulla oman perheen ja yhteisön hylkäämäksi, Sinkko kertoo.;Muu;;;;;;;;;;;;;;;;;;;;;;;
74-20035385;– Venäjän valtio tekee kaikkensa, että he eivät voisi toimia ja lännestäkään ei ole enää kontakteja samalla tavalla kuin ennen.;Muu;;;;;;;;;;;;;;;;;;;;;;;
74-20035385;Suomi-Venäjä-seura on tuominnut Venäjän aloittaman hyökkäyssodan ja katkaissut kaikki yhteydet venäläisiin viranomaisiin.;Muu;;;;;;;;;;;;;;;;;;;;;;;
74-20035385;Mikä merkitys Suomi-Venäjä-seuralla enää on pääsihteeri Niina Sinkko?;Ei_tarkistettavissa_oleva_väite;;;;;;;;;;;;;;;;;;;;;;;
74-20035385;– Me olemme tässä tilanteessa se, joka tuottaa monipuolista tietoa Venäjästä.;Muu;;;;;;;;;;;;;;;;;;;;;;;
74-20035385;Sellaista tietoa, jota Suomi meidän mielestämme tarvitsee venäläisestä yhteiskunnasta.;Ei_tarkistettavissa_oleva_väite;;;;;;;;;;;;;;;;;;;;;;;
74-20035385;– Suomi-Venäjä-seuran olomassaoloa ja sen saamaa valtion rahoitusta on sodan alkamisen jälkeen kyseenalaistettu.;Muu;;;;;;;;;;;;;;;;;;;;;;;
74-20035385;Erityisesti nyt naapurivaltioon liittyvä tuntemus on kuitenkin todella tärkeää, Sinkko sanoo.;Muu;;;;;;;;;;;;;;;;;;;;;;;
3-12029395;Koronalle on voinut altistua viikonloppuna Jyväskylän yöelämässä ja Suomipop-festivaaleilla – koronaneuvonta ruuhkautui pahoin;Muu;;;;;;;;;;;;;;;;;;;;;;;
3-12029395;Koronatartunnat ovat kääntyneet tällä viikolla jälleen kasvuun Jyväskylässä.;Määrä;;;;;;;;;;;;;;;;;;;;;;;
3-12029395;Tilanne näkyy myös lisääntyneinä yhteydenottoina koronaneuvontapuhelimeen, joka on alkuviikosta ruuhkautunut pahoin.;Muu;;;;;;;;;;;;;;;;;;;;;;;
3-12029395;Jyväskylässä koronaneuvontapuhelin on pahoin ruuhkautunut.;Muu;;;;;;;;;;;;;;;;;;;;;;;
3-12029395;Jonossa on tänään keskiviikkona ollut noin sata takaisinsoittopyyntöä.;Määrä;;;;;;;;;;;;;;;;;;;;;;;
3-12029395;Viive takaisinsoitoissa on tällä hetkellä useita tunteja.;Määrä;;;;;;;;;;;;;;;;;;;;;;;
3-12029395;Keskiviikkona aamulla puhelinpalvelusta otettiin yhteyttä tiistaina tulleisiin yhteydenottoihin.;Lait/toimintasäännot;;;;;;;;;;;;;;;;;;;;;;;
3-12029395;Puhelinpalvelun ruuhkautuminen on turhauttanut erityisesti ihmisiä, jotka tarvitsisivat ajan koronatestiin.;Muu;;;;;;;;;;;;;;;;;;;;;;;
3-12029395;Verkkopalvelu Omaolon kautta koronatestiajan saa Jyväskylän seudulla vuorokauden sisällä ja myös testitulos tulee tällä hetkellä vuorokaudessa, kertoo Jyväskylään kaupungin tartuntataudeista vastaavan lääkärin sijainen, apulaisylilääkäri Eila Heinonen.;Muu;;;;;;;;;;;;;;;;;;;;;;;
3-12029395;Heinonen arvioi, että puhelimen ruuhkautuminen kertoo ennen kaikkea lisääntyneistä yhteydenotoista.;Muu;;;;;;;;;;;;;;;;;;;;;;;
3-12029395;Koronaneuvonnan puhelinpalvelun tuottaa Jyväskylälle Luona Hoiva Oy, joka pyrkii järjestämään puhelimeen lisäresurssia, sanoo Heinonen.;Lait/toimintasäännot;;;;;;;;;;;;;;;;;;;;;;;
3-12029395;Sama yritys hoitaa myös Keski-Suomen päivystysapunumeroa.;Lait/toimintasäännot;;;;;;;;;;;;;;;;;;;;;;;
3-12029395;Myös [päivystysapu on ollut ajoittain pahoin ruuhkautunut](https://yle.fi/uutiset/3-12027297) ja soittajien jonotusajat ovat venyneet jopa tuntien mittaiseksi.;Muu;;;;;;;;;;;;;;;;;;;;;;;
3-12029395;Korona-altistuksia Jyväskylän keskustan ravintoloissa;Muu;;;;;;;;;;;;;;;;;;;;;;;
3-12029395;Keski-Suomessa koronavirustartuntojen määrä on kääntynyt tällä viikolla kasvuun erityisesti Jyväskylässä.;Määrä;;;;;;;;;;;;;;;;;;;;;;;
3-12029395;Alkuviikon aikana Jyvässeudulla on todettu lähes 30 uutta tartuntaa.;Määrä;;;;;;;;;;;;;;;;;;;;;;;
3-12029395;Useissa [Jyväskylän keskustan ravintoloissa ja yökerhoissa](https://www.jyvaskyla.fi/uutinen/2021-07-21kavitko-viime-viikonloppuna-ravintoloissa-jyvaskylassa-hakeudu-matalalla) on voinut altistua viikonloppuna tartunnalle, samoin Suomipop-festivaaleilla, kertoo Jyväskylän kaupunki.;Muu;;;;;;;;;;;;;;;;;;;;;;;
3-12029395;Suomipop alkoi Jyväskylän Lutakonaukiolla torstaina 15. heinäkuuta ja päättyi lauantaina 17. heinäkuuta.;Muu;;;;;;;;;;;;;;;;;;;;;;;
3-12029395;Kolmen päivän aikana festari keräsi noin 15 000 kävijää.;Määrä;;;;;;;;;;;;;;;;;;;;;;;
3-12029395;Uusia tartuntoja ilmenee Heinosen mukaan Jyväskylässä nyt eniten nuorilla ja nuorilla aikuisilla.;Muu;;;;;;;;;;;;;;;;;;;;;;;
3-12029395;Yli 50-vuotiailla ei koronatartuntoja ole juurikaan todettu.;Määrä;;;;;;;;;;;;;;;;;;;;;;;
3-12029395;Tauti on levinnyt perhepiireissä ja esimerkiksi viikonloppuna Jyväskylän yöelämässä.;Muu;;;;;;;;;;;;;;;;;;;;;;;
3-12029395;Monen tartunnan lähde on jäänyt viime aikoina myös epäselväksi.;Muu;;;;;;;;;;;;;;;;;;;;;;;
3-12029395;Jyväskylän kaupungin terveydenhuolto kehottaa hakeutumaan koronatestiin vähäisistäkin oireista.;Lait/toimintasäännot;;;;;;;;;;;;;;;;;;;;;;;
3-12029395;– Tämä on huolestuttava suunta.;Muu;;;;;;;;;;;;;;;;;;;;;;;
3-12029395;Tauti on edelleen olemassa ja tilanne edellyttää vastuullista käyttäytymistä.;Ei_tarkistettavissa_oleva_väite;;;;;;;;;;;;;;;;;;;;;;;
3-12029395;Nyt pitäisi saada ihmiset heräämään siihen, että tartunnat ovat nousussa, sanoo Heinonen.;Muu;;;;;;;;;;;;;;;;;;;;;;;
3-12635621;"Näytösluontoiset ""kansanäänestykset"" Venäjään liittämisestä alkoivat neljällä Venäjän valtaamalla alueella Ukrainassa";Lait/toimintasäännot;;;;;;;;;;;;;;;;;;;;;;;
3-12635621;"Ukraina ja länsimaat pitävät ""kansanäänestyksiä"" laittomina ja häpeällisinä.";Muu;;;;;;;;;;;;;;;;;;;;;;;
3-12635621;Venäjä on aloittanut näytösluontoiset ”kansanäänestykset” Venäjään liittämisestä neljällä Ukrainassa valtaamallaan alueella.;Lait/toimintasäännot;;;;;;;;;;;;;;;;;;;;;;;
3-12635621;Tekaistut äänestykset järjestetään Venäjän kontrolloimilla separatistialueilla Donetskissa ja Luhanskissa sekä Venäjän hyökkäyssodassaan valtaamilla Hersonin ja Zaporižžjan alueilla.;Lait/toimintasäännot;;;;;;;;;;;;;;;;;;;;;;;
3-12635621;Venäjä aikoo näiden äänestysten turvin ilmoittaa alueiden liittämisestä itseensä.;Ennuste;;;;;;;;;;;;;;;;;;;;;;;
3-12635621;Alueiden pinta-ala on yhteensä noin 15 prosenttia koko Ukrainan alueesta.;Määrä;;;;;;;;;;;;;;;;;;;;;;;
3-12635621;"Länsimaat ovat tuominneet ""kansanäänestykset"" kansainvälisen oikeuden vastaisina.";Lait/toimintasäännot;;;;;;;;;;;;;;;;;;;;;;;
3-12635621;Esimerkiksi Yhdysvaltain ulkoministeri Antony Blinken kutsui niitä vaarallisiksi.;Muu;;;;;;;;;;;;;;;;;;;;;;;
3-12635621;Ukrainan presidentti Volodymyr Zelenskyi sanoi äänestyksiä häpeällisiksi ja demokratian vastaisiksi.;Muu;;;;;;;;;;;;;;;;;;;;;;;
3-12635621;Ääniä kerätään ovelta ovelle;Lait/toimintasäännot;;;;;;;;;;;;;;;;;;;;;;;
3-12635621;Niin sanotut kansanäänestykset järjestetään pikavauhtia.;Lait/toimintasäännot;;;;;;;;;;;;;;;;;;;;;;;
3-12635621;Presidentti Vladimir Putin ilmoitti niistä samalla, kun hän kertoi osittaisesta liikekannallepanosta keskiviikkona.;Muu;;;;;;;;;;;;;;;;;;;;;;;
3-12635621;Äänestykset jatkuvat alueilla viiden päivän ajan.;Lait/toimintasäännot;;;;;;;;;;;;;;;;;;;;;;;
3-12635621;Ääniä kerätään ovelta ovelle maanantaihin asti.;Lait/toimintasäännot;;;;;;;;;;;;;;;;;;;;;;;
3-12635621;Äänestyspaikat ovat auki ainoastaan ensi tiistaina.;Lait/toimintasäännot;;;;;;;;;;;;;;;;;;;;;;;
3-12635621;Ihmisiltä kysytään haluavatko he alueen liittyvän Venäjään.;Lait/toimintasäännot;;;;;;;;;;;;;;;;;;;;;;;
3-12635621;"""Kansanäänestysten"" jälkeen Venäjä ilmoittaa alueiden liittämisestä itseensä.";Ennuste;;;;;;;;;;;;;;;;;;;;;;;
3-12635621;Tämän jälkeen Venäjä voisi väittää sodan kohdistuvan näillä alueilla omaan maaperäänsä.;Ennuste;;;;;;;;;;;;;;;;;;;;;;;
3-12635621;Venäjä on kontrolloinut osaa Donetskista ja Luhanskista jo vuodesta 2014 asti, jolloin se aloitti konfliktin.;Muu;;;;;;;;;;;;;;;;;;;;;;;
3-12635621;"Valtaamallaan Krimillä Venäjä järjesti vastaavan näytösluontoisen ""kansanäänestyksen"" jo kahdeksan vuotta sitten.";Lait/toimintasäännot;;;;;;;;;;;;;;;;;;;;;;;
3-12635621;"EU on alkanut valmistalla uusia Venäjän vastaisia pakotteita sen jälkeen, kun Venäjä ilmoitti ""kansanäänestyksistä"" ja osittaisesta liikekannallepanosta.";Lait/toimintasäännot;;;;;;;;;;;;;;;;;;;;;;;
3-11494303;Minskin kaduilla kymmeniä tuhansia ihmisiä – EU valmistelemaan Valko-Venäjän johtajille pakotteita;Muu;;;;;;;;;;;;;;;;;;;;;;;
3-11494303;Keskustaan virtaa jatkuvasti mielenosoittajia, mutta myös poliiseja.;Muu;;;;;;;;;;;;;;;;;;;;;;;
3-11494303;Valko-Venäjällä mielenosoitukset ja lakkoliikehdintä ovat kasvaneet ja laajentuneet perjantain aikana.;Muu;;;;;;;;;;;;;;;;;;;;;;;
3-11494303;Twitter-viesteissä näkyy valtavia ihmisjoukkoja, jotka osoittavat mieltään pääkaupungin Minskin keskustassa.;Muu;;;;;;;;;;;;;;;;;;;;;;;
3-11494303;Mielenosoituksia ja protesteja on monissa muissakin kaupungeissa eri puolilla Valko-Venäjää.;Muu;;;;;;;;;;;;;;;;;;;;;;;
3-11494303;Mielenosoittajat ovat kokoontuneet Minskissä hallitusrakennuksen eteen.;Muu;;;;;;;;;;;;;;;;;;;;;;;
3-11494303;He vaativat, että maan presidentinvaalien tulos mitätöidään.;Muu;;;;;;;;;;;;;;;;;;;;;;;
3-11494303;Presidentti Aljaksandr Lukašenkan vilpillisenä pidettyä vaalivoittoa vastustamaan on liittynyt muun muassa tuhansia kypäräpäisiä tehdastyöläisiä, jotka ovat osallistuneet protesteihin ulosmarsseilla.;Muu;;;;;;;;;;;;;;;;;;;;;;;
3-11494303;Myös esimerkiksi Minskin metron työntekijöitä on kaduilla virka-asuissaan.;Muu;;;;;;;;;;;;;;;;;;;;;;;
3-11494303;Valko-Venäjän oppositioehdokas Svjatlana Tsihanouskaja pakeni Liettuaan heti vaalien jälkeen.;Muu;;;;;;;;;;;;;;;;;;;;;;;
3-11494303;Hän on kehottanut opposition kannattajia rauhanomaisiin mielenosoituksiin.;Muu;;;;;;;;;;;;;;;;;;;;;;;
3-11494303;Noin 6 700 ihmistä on [BBC:n](https://www.bbc.com/news/world-europe-53773534?intlinkfromurl=https://www.bbc.com/news/topics/c40rjmqdq78t/belarus&linklocation=live-reporting-story) mukaan pidätetty sunnuntain jälkeen alkaneissa mielenosoituksissa.;Määrä;;;;;;;;;;;;;;;;;;;;;;;
3-11494303;Tuhansia heistä on jo vapautettu, ja näiden pidätettyjen kertomukset järjestelmällisestä kidutuksesta pidätyskeskuksissa ovat lisänneet raivoa hallintoa kohtaan.;Ei_tarkistettavissa_oleva_väite;;;;;;;;;;;;;;;;;;;;;;;
3-11494303;Ihmisten kiduttamisen vahvistaa myös ihmisoikeusjärjestö [Amnesty International](https://www.amnesty.fi/mielenosoittajia-kidutettu-valko-venajan-pidatyskeskuksissa/).;Muu;;;;;;;;;;;;;;;;;;;;;;;
3-11494303;Järjestön Suomen-osasto on vedonnut ulkoministeri Pekka Haavistoon (vihr.), että asiaan puututtaisiin EU-tasolla.;Muu;;;;;;;;;;;;;;;;;;;;;;;
3-11494303;Twitter-viesteissä nähdään myös, kuinka Minskiin on tullut lisää poliisivoimia.;Muu;;;;;;;;;;;;;;;;;;;;;;;
3-11494303;Toistaiseksi tietoon ei kuitenkaan ole tullut mainittavia yhteenottoja mielenosoittajien ja virkavallan välillä.;Muu;;;;;;;;;;;;;;;;;;;;;;;
3-11494303;EU alkaa valmistella henkilöpakotteita;Lait/toimintasäännot;;;;;;;;;;;;;;;;;;;;;;;
3-11494303;EU on asettamassa pakotteita Valko-Venäjän mielenosoitusten tukahduttamisesta vastuussa oleville ihmisille.;Lait/toimintasäännot;;;;;;;;;;;;;;;;;;;;;;;
3-11494303;Ulkoministerit ovat sopineet laativansa nimilistan pakotteiden kohteista.;Lait/toimintasäännot;;;;;;;;;;;;;;;;;;;;;;;
3-11494303;Ministerit neuvottelivat perjantaina illansuussa videokonferenssissa Valko-Venäjän tilanteesta ja mahdollisista sanktioista.;Muu;;;;;;;;;;;;;;;;;;;;;;;
3-11494303;Ulkoministeri Pekka Haavisto sanoo, että listalle voisi määrätä esimerkiksi poliisijohtoa, jotka ovat vastuussa väkivallasta ja jopa kuolemantuottamuksista.;Muu;;;;;;;;;;;;;;;;;;;;;;;
3-11494303;Pakotteet olisivat käytännössä matkustusrajoituksia ja ulkomaisten varojen jäädytyksiä.;Muu;;;;;;;;;;;;;;;;;;;;;;;
3-11494303;Ulkoministeri Haaviston mukaan henkilöpakotteet voivat olla yllättävän voimakkaita keinoja puuttua tapahtumiin.;Muu;;;;;;;;;;;;;;;;;;;;;;;
3-11494303;EU:n tavoitteena on saada sisäinen keskustelu käyntiin Valko-Venäjän johdon ja opposition kanssa maan tulevaisuudesta.;Lait/toimintasäännot;;;;;;;;;;;;;;;;;;;;;;;
3-11494303;"Kokouksen koolle kutsunut EU:n ulkoasioiden ja turvallisuuspolitiikan korkea edustaja Josep Borrell oli vaatinut Valko-Venäjälle ""merkittävää poliittista muutosta"".";Muu;;;;;;;;;;;;;;;;;;;;;;;
3-11494303;Samoilla linjoilla on myös Euroopan komission puheenjohtaja Ursula von der Leyen, joka peräänkuulutti Twitterissä pakotteiden asettamista.;Muu;;;;;;;;;;;;;;;;;;;;;;;
3-11494303;– Tarvitsemme lisää pakotteita niille, jotka ovat loukanneet demokraattisia arvoja ja ihmisoikeuksia Valko-Venäjällä.;Muu;;;;;;;;;;;;;;;;;;;;;;;
3-11494303;Olen vakuuttunut, että EU:n ulkoministerit näyttävät vahvan tukensa valkovenäläisten oikeuksille nauttia vapaudesta ja demokratiasta, von der Leyen kirjoittaa.;Muu;;;;;;;;;;;;;;;;;;;;;;;
3-11494303;Puola, Viro Latvia ja Liettua [ovat tarjoutuneet toimimaan välittäjinä](https://www.president.ee/en/meedia/press-releases/16115-presidents-of-lithuania-estonia-latvia-and-poland-call-for-action-on-belarus/index.html) tilanteen ratkaisemisessa.;Muu;;;;;;;;;;;;;;;;;;;;;;;
3-11494303;Puolan pääministerin Mateusz Morawieckin mukaan Puola on valmis auttamaan Valko-Venäjän kanssa.;Muu;;;;;;;;;;;;;;;;;;;;;;;
3-11494303;Puola voi avata rajansa ja työmarkkinansa valkovenäläisille.;Ennuste;;;;;;;;;;;;;;;;;;;;;;;
3-11494303;Puolan ulkoministeri Jacek Czaputowicz kertoi EU-kokouksen yhteydessä, että valtaosa ministereistä oli valmis asettamaan pakotteita niille Valko-Venäjän johtohenkilöille, joiden katsotaan olevan vastuussa vaalituloksen väärentämisestä ja liiallisesta voimankäytöstä mielenosoittajia vastaan.;Muu;;;;;;;;;;;;;;;;;;;;;;;
3-11494303;Pakotteille ei täyttä yksimielisyyttä;Muu;;;;;;;;;;;;;;;;;;;;;;;
3-11494303;Pakotteiden asettaminen vaatii kaikkien 27 EU-maan hyväksynnän.;Lait/toimintasäännot;;;;;;;;;;;;;;;;;;;;;;;
3-11494303;Ainakin Unkari on etukäteen ilmaissut vastahakoisuutta pakotteiden suhteen ja korostanut mieluummin dialogin käymistä Valko-Venäjän kanssa.;Muu;;;;;;;;;;;;;;;;;;;;;;;
3-11494303;Unkarin pääministeri Viktor Orbán on kesäkuisen Valko-Venäjän-vierailunsa jälkeen vedonnut myös olemassa olevien pakotteiden purkamiseen, kertoo verkkolehti [EU Observer](https://euobserver.com/foreign/149146).;Muu;;;;;;;;;;;;;;;;;;;;;;;
3-11494303;EU:lla on [tällä hetkellä voimassa talouspakotteita](https://www.consilium.europa.eu/en/press/press-releases/2020/02/17/belarus-eu-prolongs-arms-embargo-and-sanctions-against-4-individuals-for-one-year/) ja matkustuskieltoja neljää Valko-Venäjän kansalaista kohtaan, minkä lisäksi asevienti maahan on kielletty.;Lait/toimintasäännot;;;;;;;;;;;;;;;;;;;;;;;
3-11494303;Valtaosa aiemmista pakotteista purettiin kuitenkin vuonna 2016.;Lait/toimintasäännot;;;;;;;;;;;;;;;;;;;;;;;
3-11494303;Valko-Venäjän ulkoministeri Vladimir Makei sanoo maansa olevan valmis keskusteluun muiden maiden kanssa, kertoo valtiollinen uutistoimisto Belta.;Muu;;;;;;;;;;;;;;;;;;;;;;;
3-11494303;Makein kerrotaan sanoneen perjantaiaamun puhelussaan Sveitsin ulkoministerille Ignazio Cassisille, että Valko-Venäjä on valmis rakentavaan ja objektiiviseen dialogiin ulkomaisten kumppaneiden kanssa liittyen kaikkia maan tilannetta koskeviin asioihin.;Muu;;;;;;;;;;;;;;;;;;;;;;;
3-11494303;Venäjä on sen sijaan AFP:n mukaan arvostellut EU:ta toiminnasta, jota Venäjä kutsuu sekaantumiseksi toisen maan sisäisiin asioihin.;Muu;;;;;;;;;;;;;;;;;;;;;;;
3-11494303;Suomi huolissaan tilanteesta;Ei_tarkistettavissa_oleva_väite;;;;;;;;;;;;;;;;;;;;;;;
3-11494303;Valko-Venäjän tilannetta käsittelivät myös perjantaina omassa kokouksessaan Suomessa tasavallan presidentti Sauli Niinistö sekä valtioneuvoston ulko- ja turvallisuuspoliittinen ministerivaliokunta, eli tp-utva.;Lait/toimintasäännot;;;;;;;;;;;;;;;;;;;;;;;
3-11494303;– Vaalit eivät olleet vapaat eivätkä oikeudenmukaiset, demokratian ja oikeusvaltion normeja ei noudatettu.;Muu;;;;;;;;;;;;;;;;;;;;;;;
3-11494303;On erityisen valitettavaa, ettei Etyjin vaalitarkkailijoita päästetty maahan, valtioneuvoston julkaisemassa tiedottessa sanotaan.;Muu;;;;;;;;;;;;;;;;;;;;;;;
3-11494303;– Vaalikampanjan aikana ja vaalien jälkeen turvallisuusviranomaiset ovat käyttäneet suhteettomia voimakeinoja.;Muu;;;;;;;;;;;;;;;;;;;;;;;
3-11494303;Levottomuudet Valko-Venäjällä jatkuvat ja tilanne on edelleen huolestuttava, tiedotteessa lukee.;Muu;;;;;;;;;;;;;;;;;;;;;;;
3-11390649;Etelä-Karjalassa on uusi maakuntajohtaja – Satu Sikanen haluaa uusia työpaikkoja ja vaihtoehtoja venäläisten matkailun rinnalle;Muu;;;;;;;;;;;;;;;;;;;;;;;
3-11390649;Etelä-Karjalan uusi maakuntajohtaja valittiin maanantaina maakuntavaltuuston kokouksessa.;Lait/toimintasäännot;;;;;;;;;;;;;;;;;;;;;;;
3-11390649;Määrätietoinen, tuloksiin pyrkivä ja ennen kaikkea yhteistyökykyinen ja johdonmukainen.;Ei_tarkistettavissa_oleva_väite;;;;;;;;;;;;;;;;;;;;;;;
3-11390649;42-vuotias Satu Sikanen (sit.) tietää, millainen maakuntajohtaja hän haluaa olla.;Henkilökohtainen_kokemus;;;;;;;;;;;;;;;;;;;;;;;
3-11390649;Etelä-Karjalan liitossa 11 vuotta työskennelleelle Sikaselle työkenttä on tuttu, sillä aluekehitysjohtajana hän on myös toiminut väistyvän maakuntajohtajan varahenkilönä.;Muu;;;;;;;;;;;;;;;;;;;;;;;
3-11390649;– Haluan herättää luottamusta yhteistyökumppaneissa ja rakentaa hyvää yhteistyötä eri toimijoiden välillä, Sikanen sanoo.;Muu;;;;;;;;;;;;;;;;;;;;;;;
3-11390649;Maakuntajohtajan titteli tuntuu ”tosi mahtavalta”, erityisesti yksimielisen valinnan jälkeen.;Muu;;;;;;;;;;;;;;;;;;;;;;;
3-11390649;Sikasen kanssa viimeiseen vaiheeseen pääsi apulaisylilääkäri Antti Kivelä (kesk.) Kuopiosta.;Lait/toimintasäännot;;;;;;;;;;;;;;;;;;;;;;;
3-11390649;Kivelä toimii myös Kuopion kaupunginhallituksen puheenjohtajana.;Lait/toimintasäännot;;;;;;;;;;;;;;;;;;;;;;;
3-11390649;Sote-uudistusta ja EU-politiikkaa;Ei_tarkistettavissa_oleva_väite;;;;;;;;;;;;;;;;;;;;;;;
3-11390649;Satu Sikasen edeltäjä Matti Viialainen jää syyskuussa eläkkeelle.;Ennuste;;;;;;;;;;;;;;;;;;;;;;;
3-11390649;67-vuotias Viialainen ehti toimia Etelä-Karjalan maakuntajohtajana vuodesta 2013 lähtien.;Muu;;;;;;;;;;;;;;;;;;;;;;;
3-11390649;Satu Sikanen aloittaa tehtävänsä EU-ohjelmakauden valmistelulla.;Ennuste;;;;;;;;;;;;;;;;;;;;;;;
3-11390649;EU-rahoituksen kanavointi on yksi maakuntaliittojen tärkeimpiä tehtäviä.;Lait/toimintasäännot;;;;;;;;;;;;;;;;;;;;;;;
3-11390649;Etelä-Karjala on haluaisi kiivaasti korottaa EU-rahoitusmääräänsä, sillä se on huomattavasti pienempi, kuin esimerkiksi naapurimaakunnassa Etelä-Savossa.;Määrä;;;;;;;;;;;;;;;;;;;;;;;
3-11390649;Syy siihen on Etelä-Karjalan sijainti.;Lait/toimintasäännot;;;;;;;;;;;;;;;;;;;;;;;
3-11390649;Maakunta lasketaan mukaan vauraaseen Etelä-Suomeen ja lisäksi itärajan läheisyys tuo normaalioloissa tuloja.;Lait/toimintasäännot;;;;;;;;;;;;;;;;;;;;;;;
3-11390649;[Koronakriisin aikaan tappiot ovatkin olleet valtavat.](https://yle.fi/uutiset/3-11368487);Määrä;;;;;;;;;;;;;;;;;;;;;;;
3-11390649;– Eri rahoitusohjelmien valmistelu on ensimmäinen työ, joka pitää ottaa haltuun.;Muu;;;;;;;;;;;;;;;;;;;;;;;
3-11390649;Rahoituksen maksimoiminen ja käyttökohteiden pitää olla sellaisia, jotka tukevat Etelä-Karjalaa, Sikanen sanoo.;Muu;;;;;;;;;;;;;;;;;;;;;;;
3-11390649;Toinen maakuntajohtajaa työllistävä asia tulee olemaan [sote-uudistus.](https://yle.fi/uutiset/3-11387469);Ennuste;;;;;;;;;;;;;;;;;;;;;;;
3-11390649;Vastuu sosiaali- ja terveyspalveluiden järjestämisestä on hallituksen linjauksen mukaan jatkossa sote-maakunnilla.;Lait/toimintasäännot;;;;;;;;;;;;;;;;;;;;;;;
3-11390649;Maakuntia varten ollaan myös valmistelemassa verotusoikeutta, jonka kautta voitaisiin kerätä varoja myös sote-palveluiden järjestämiseen.;Lait/toimintasäännot;;;;;;;;;;;;;;;;;;;;;;;
3-11390649;– Ilman muuta maakuntajohtajan pitää olla siinä mukana, Sikanen sanoo.;Muu;;;;;;;;;;;;;;;;;;;;;;;
3-11390649;Maakunnan verotusoikeutta Sikanen kommentoi varovasti.;Muu;;;;;;;;;;;;;;;;;;;;;;;
3-11390649;Käytännössä kunnallis- ja valtion verotus laskisi.;Ennuste;;;;;;;;;;;;;;;;;;;;;;;
3-11390649;– Ei ole perusteltua, että kokonaisverotusaste nousisi.;Muu;;;;;;;;;;;;;;;;;;;;;;;
3-11390649;Verotuskysymystä tarkastellaan kuluvan vuoden aikana.;Ennuste;;;;;;;;;;;;;;;;;;;;;;;
3-11390649;Ihan järkevää, jos siihen yhteisveroon päästään, Sikanen sanoo, mutta muistuttaa, että valmistelu on vasta alkuvaiheessa.;Muu;;;;;;;;;;;;;;;;;;;;;;;
3-11390649;Maakuntahenki ammentuu vahvuuksista;Ei_tarkistettavissa_oleva_väite;;;;;;;;;;;;;;;;;;;;;;;
3-11390649;Uusi maakuntajohtaja kokee, että Etelä-Karjalassa on hyvä maakuntahenki, jota ammennetaan alueen vahvuuksista.;Henkilökohtainen_kokemus;;;;;;;;;;;;;;;;;;;;;;;
3-11390649;– Meillä on vahvat yhdessä tekemisen perinteet ja haluan vaalia niitä.;Muu;;;;;;;;;;;;;;;;;;;;;;;
3-11390649;Näen maakuntahengen yhteistyön näkökulmasta älyttömän tärkeänä.;Muu;;;;;;;;;;;;;;;;;;;;;;;
3-11390649;Uusi maakuntajohtaja haluaa tehdä määrätietoisesti avointa elinkeinopolitiikkaa.;Muu;;;;;;;;;;;;;;;;;;;;;;;
3-11390649;Pienten ja keskisuurten yritysten dynamiikassa Sikanen näkee suuria haasteita.;Muu;;;;;;;;;;;;;;;;;;;;;;;
3-11390649;– Meidän pitää saada uutta yritystoimintaa rakennettua ja uusia työpaikkoja.;Muu;;;;;;;;;;;;;;;;;;;;;;;
3-11390649;Koronakriisistä pitää rakentaa silta yli ja tukea yritystoimintaa ja yritystoiminnan uudistamista, Sikanen sanoo.;Muu;;;;;;;;;;;;;;;;;;;;;;;
3-11390649;Väistyvä maakuntajohtaja Matti Viialainen käytti viimeisessä puheenvuorossaan aikaa uuden maakuntajohtajan ohjeistamiseen.;Muu;;;;;;;;;;;;;;;;;;;;;;;
3-11390649;Viialainen painotti, että Venäjään pitää jatkossakin pitää hyviä suhteita yllä, sillä venäläisten matkailu tuo Etelä-Karjalaan jopa miljoona euroa päivässä.;Muu;;;;;;;;;;;;;;;;;;;;;;;
3-11390649;Venäjään pitää ilman muuta panostaa, mutta pitää tunnistaa myös sen haavoittuvuus, joka liittyy geopolitiikkaan ja ruplan kurssin kehitykseen.;Ei_tarkistettavissa_oleva_väite;;;;;;;;;;;;;;;;;;;;;;;
3-11390649;On tärkeää, että meillä on kykyä sopeutua ja muutosjoustavuutta.;Ei_tarkistettavissa_oleva_väite;;;;;;;;;;;;;;;;;;;;;;;
3-11390649;Matkailun suhteen pitää olla muitakin markkinoita hallussa, Sikanen vastaa.;Muu;;;;;;;;;;;;;;;;;;;;;;;
3-11459596;Ottiko EU askeleen kohti liittovaltiota ottamalla ensimmäistä kertaa yhteistä velkaa?;Ei_tarkistettavissa_oleva_väite;;;;;;;;;;;;;;;;;;;;;;;
3-11459596;"Asiantuntija: ""Uskomaton oikeudellinen viritys""";Muu;;;;;;;;;;;;;;;;;;;;;;;
3-11459596;Eurooppa-tutkijan mukaan jäsenmaiden on tulevaisuudessakin mahdollista rikkoa oikeusvaltioperiaatetta ilman seuraamuksia.;Muu;;;;;;;;;;;;;;;;;;;;;;;
3-11459596;EU:n jäsemaiden päätöstä ottaa ensimmäistä kertaa velkaa Euroopan unionin nimissä [on kutsuttu historialliseksi](https://yle.fi/uutiset/3-11446965).;Muu;;;;;;;;;;;;;;;;;;;;;;;
3-11459596;EU:n jäsenvaltiot [päättivät tiistaina](https://yle.fi/uutiset/3-11456899) ottaa yhteistä lainaa 750 miljardin euron edestä.;Määrä;;;;;;;;;;;;;;;;;;;;;;;
3-11459596;Yhteinen velkaraha [herätti kiivasta keskustelua](https://yle.fi/uutiset/3-11426669) EU:n tulevaisuudesta ja mahdollisesta liittovaltiokehityksestä jo neuvotteluiden aikana.;Muu;;;;;;;;;;;;;;;;;;;;;;;
3-11459596;Joidenkin mielestä EU:n jäsenmaat ovat lähentymässä entisestään ottaessaan yhteistä lainaa.;Muu;;;;;;;;;;;;;;;;;;;;;;;
3-11459596;Mutta onko EU matkalla kohti liittovaltiota?;Ei_tarkistettavissa_oleva_väite;;;;;;;;;;;;;;;;;;;;;;;
3-11459596;Asiantuntijat ristiriitaisia liittovaltiokehityksestä;Muu;;;;;;;;;;;;;;;;;;;;;;;
3-11459596;EU on ottanut järjestelmällisesti askeleita kohti liittovaltiota.;Ei_tarkistettavissa_oleva_väite;;;;;;;;;;;;;;;;;;;;;;;
3-11459596;Näin toteaa Tampereen yliopiston valtio-opin professori Tapio Raunio.;Muu;;;;;;;;;;;;;;;;;;;;;;;
3-11459596;Suomen EU-jäsenyyden aikana integraatio on mennyt selkeästi tiiviimpään suuntaan.;Lait/toimintasäännot;;;;;;;;;;;;;;;;;;;;;;;
3-11459596;Näin tapahtui kymmenen vuotta sitten eurokriisin seurauksena, ja näin on tapahtumassa jälleen, Raunio toteaa.;Muu;;;;;;;;;;;;;;;;;;;;;;;
3-11459596;– Eli joka kerta, kun EU:lle annetaan uutta toimivaltaa tai uusia talouspoliittisia välineitä, niin totta kai se tarkoittaa integraation tiivistämistä.;Muu;;;;;;;;;;;;;;;;;;;;;;;
3-11459596;Helsingin yliopiston Eurooppa-tutkijan Timo Miettisen mukaan jäsenvaltioiden neuvottelut ja tehty päätös osoittavat itseasiassa päinvastaista.;Muu;;;;;;;;;;;;;;;;;;;;;;;
3-11459596;Miettinen sanoo olevansa hieman yllättynyt heränneestä poliittisesta keskustelusta.;Muu;;;;;;;;;;;;;;;;;;;;;;;
3-11459596;– Poliittisesti tämä on mielestäni vähemmän kiinnostava aloite, koska Euroopan komissio ei saa lisävaltuuksia ottaa velkaa eikä tässä välttämättä avata portteja millekään tulevaisuuden velkaantumiselle, Miettinen sanoo.;Muu;;;;;;;;;;;;;;;;;;;;;;;
3-11459596;– Tämän tyyppiset aloitteet säilyvät edelleen Eurooppa-neuvoston eli jäsenmaiden käsissä.;Muu;;;;;;;;;;;;;;;;;;;;;;;
3-11459596;Miettisen mukaan komission toimivaltuuksia lisättiin 2010-luvun eurokriisin aikana lisäämällä esimerkiksi komission valtuuksia valvoa jäsenmaiden talouspolitiikkaa.;Lait/toimintasäännot;;;;;;;;;;;;;;;;;;;;;;;
3-11459596;Tällä kertaa niin ei tehty.;Lait/toimintasäännot;;;;;;;;;;;;;;;;;;;;;;;
3-11459596;Miettinen puhuisikin mieluummin liittovaltiokehityksen sijaan suurten jäsenmaiden vallan kasvusta.;Muu;;;;;;;;;;;;;;;;;;;;;;;
3-11459596;Hän viittaa erityisesti Ranskan ja Saksan johtajien rooliin elvytysrahastoa koskevan aloitteen viemisessä eteenpäin.;Muu;;;;;;;;;;;;;;;;;;;;;;;
3-11459596;– Jos poliittinen tilanne jossain vaiheessa vaihtuisi näissä jäsenmaissa, niin voi olla, että tämän tyyppiset paketit eivät menisi siinä tapauksessa läpi.;Muu;;;;;;;;;;;;;;;;;;;;;;;
3-11459596;Vihriälä: Yhteiseen velanottoon saatetaan turvautua myöhemminkin;Muu;;;;;;;;;;;;;;;;;;;;;;;
3-11459596;Helsingin yliopiston työelämäprofessori Vesa Vihriälä ei jaa Miettisen näkemystä siitä, että saavutettu sopimus yhteisestä lainasta vahvistaisi jäsenvaltioiden valtaa.;Muu;;;;;;;;;;;;;;;;;;;;;;;
3-11459596;– En itse päättelisi asiaa näin.;Muu;;;;;;;;;;;;;;;;;;;;;;;
3-11459596;Esimerkiksi eurokriisin aikana nimenomaan jäsenvaltiot olivat ajurin paikalla ja komissio oli toteuttajan roolissa, Vihriälä sanoo.;Muu;;;;;;;;;;;;;;;;;;;;;;;
3-11459596;Vihriälän mukaan komission asema ei ole ainakaan heikentymässä suhteessa jäsenmaihin.;Muu;;;;;;;;;;;;;;;;;;;;;;;
3-11459596;Vihriälä ei sulje myöskään pois mahdollisuutta, että yhteiseen velanottoon turvauduttaisiin myös tulevaisuudessa.;Muu;;;;;;;;;;;;;;;;;;;;;;;
3-11459596;Tämä taas kasvattaisi painetta EU-verojen laajentamiseen.;Ennuste;;;;;;;;;;;;;;;;;;;;;;;
3-11459596;Nyt neuvotellun sopimuksen perusteella Euroopan komissiolla olisi tulevaisuudessa oikeus kerätä esimerkiksi muovi- ja digiveroa.;Lait/toimintasäännot;;;;;;;;;;;;;;;;;;;;;;;
3-11459596;Ajatusta EU:n verotusoikeudesta on yleisesti karsastettu jäsenmaissa, ja jäsenmaat ovat rahoittaneet EU:n toimintaa pääsääntöisesti jäsenmaksuilla.;Lait/toimintasäännot;;;;;;;;;;;;;;;;;;;;;;;
3-11459596;"""Tämä on uskomaton oikeudellinen viritys""";Ei_tarkistettavissa_oleva_väite;;;;;;;;;;;;;;;;;;;;;;;
3-11459596;EU:ssa on jouduttu tekemään nopealla aikataululla vaativaa lainopillista tulkintaa koskien EU:n perussopimuksia.;Ei_tarkistettavissa_oleva_väite;;;;;;;;;;;;;;;;;;;;;;;
3-11459596;Helsingin yliopiston eurooppaoikeuden professorin Päivi Leino-Sandbergin mukaan vastaus kysymykseen, onko EU matkalla liittovaltioksia, on kyllä ja ei.;Muu;;;;;;;;;;;;;;;;;;;;;;;
3-11459596;– Ei siinä mielessä, että missään liittovaltiossa ei ole olemassa tällaista rakennetta, joka EU:hun on syntymässä, Leino-Sandberg sanoo.;Muu;;;;;;;;;;;;;;;;;;;;;;;
3-11459596;Hänen mukaansa liittovaltiot ovat perinteisesti hyvin tarkkoja toimivallanjaosta eli siitä, kuinka vastuut jakautuvat liittovaltion ja jäsenmaiden kesken.;Muu;;;;;;;;;;;;;;;;;;;;;;;
3-11459596;Leino-Sandbergin mukaan Eurooppaan on kuitenkin nyt syntymässä malli, jossa jäsenmaat hoitavat talouspolitiikkaansa itsenäisesti, mutta rahoja otetaan samasta pussista.;Muu;;;;;;;;;;;;;;;;;;;;;;;
3-11459596;– Liittovaltioissa tällaista tilannetta on perinteisesti karsastettu kuin ruttoa, koska siitä tulee riitoja.;Muu;;;;;;;;;;;;;;;;;;;;;;;
3-11459596;Kukaan ei myöskään vielä tiedä varmasti, onko päätös ottaa yhteistä lainaa EU:n perussopimusten vastaista vai ei.;Lait/toimintasäännot;;;;;;;;;;;;;;;;;;;;;;;
3-11459596;Tähän mennessä oikeutus yhteisvelalle on haettu Eurooppa neuvoston oikeuspalvelun kannasta.;Lait/toimintasäännot;;;;;;;;;;;;;;;;;;;;;;;
3-11459596;– Tämä on uskomaton oikeudellinen viritys, jolla selkeästi kierretään perussopimuksia.;Muu;;;;;;;;;;;;;;;;;;;;;;;
3-11459596;Kukaan ei osaa vielä sanoa, kestävätkö nämä perustelut EU:n tuomioistuimen tarkastelua.;Lait/toimintasäännot;;;;;;;;;;;;;;;;;;;;;;;
3-11459596;Myös työelämäprofessori Vihriälä uskoo, että asia tullaan viemään tulevaisuudessa EU-tuomioistuimeen.;Muu;;;;;;;;;;;;;;;;;;;;;;;
3-11459596;– Tuomioistuin on tosin tulkinnut asioita EU-integraation kannalta myönteisesti, joten uskon, että oikeuspalvelun tulkinta säilyy sielläkin.;Muu;;;;;;;;;;;;;;;;;;;;;;;
3-11459596;Keskustelu EU:n suunnasta käytävä nyt;Ei_tarkistettavissa_oleva_väite;;;;;;;;;;;;;;;;;;;;;;;
3-11459596;Leino-Sandberg korostaa, että hän ei ota kantaa siihen, pitäisikö EU:n liikkua kohti liittovaltiomallia vai ei.;Muu;;;;;;;;;;;;;;;;;;;;;;;
3-11459596;Hänen huolensa on, että liittovaltiomalliin ajavia päätöksiä tehdään, mutta jäsenvaltioissa ei käydä asiasta keskustelua.;Muu;;;;;;;;;;;;;;;;;;;;;;;
3-11459596;– Silloin kun tällaisia päätöksiä tehdään, niin ne täytyy tehdä poliittisesti ja oikeudellisesti kestävällä tavalla.;Muu;;;;;;;;;;;;;;;;;;;;;;;
3-11459596;Nämä keskustelut on käytävä avoimesti;Ei_tarkistettavissa_oleva_väite;;;;;;;;;;;;;;;;;;;;;;;
3-11459596;Myös Tampereen yliopiston valtio-opin professori Tapio Raunio jakaa tämän huolen.;Muu;;;;;;;;;;;;;;;;;;;;;;;
3-11459596;Raunion mukaan jäsenmaissa, mukaan lukien Suomessa, poliitikkojen ja puolueiden parissa velloo haluttomuus käydä keskustelua EU:n suunnasta ja integraatiosta.;Muu;;;;;;;;;;;;;;;;;;;;;;;
3-11459596;Tämä johtuu hänen mukaansa ainakin kahdesta syystä.;Muu;;;;;;;;;;;;;;;;;;;;;;;
3-11459596;– Nämä asiat jakavat puolueita sisältä päin ja ne jakavat myös kansaa.;Muu;;;;;;;;;;;;;;;;;;;;;;;
3-11459596;Näin ollen keskustelu voisi tuoda esiin jakolinjoja ja jopa kaataa hallituksia, Raunio toteaa.;Muu;;;;;;;;;;;;;;;;;;;;;;;
3-11459596;– Toinen syy on se, että kun hallitukset lähtevät Brysseliin neuvotteluihin, niin pelätään, että hallitusten käsiä sidotaan liikaa julkisen keskustelun perusteella.;Muu;;;;;;;;;;;;;;;;;;;;;;;
3-11459596;Neuvotteluihin lähtevät pääministerit haluavat siis säilyttää neuvotteluissa toimintavapautensa lausumalla niukasti kannoistaan julkisuuteen.;Ei_tarkistettavissa_oleva_väite;;;;;;;;;;;;;;;;;;;;;;;
3-11459596;Oikeusvaltioperiaatetta voidaan tulevaisuudessakin rikkoa;Ei_tarkistettavissa_oleva_väite;;;;;;;;;;;;;;;;;;;;;;;
3-11459596;Kaikki asiantuntijat ovat jokseenkin samaa mieltä siitä, että EU:n on hyvä sitoa jakamansa taloudellinen tuki oikeusvaltioperiaatteen noudattamiseen.;Muu;;;;;;;;;;;;;;;;;;;;;;;
3-11459596;Asiantuntijat pitäisivät järjettömänä, jos EU rahoittaisi toimintaa, joka on sen perussopimusten tai arvopohjan vastaista.;Muu;;;;;;;;;;;;;;;;;;;;;;;
;;;;;;;;;;;;;;;;;;;;;;;;;
;;;;;;;;;;;;;;;;;;;;;;;;;
;;;;;;;;;;;;;;;;;;;;;;;;;
;;;;;;;;;;;;;;;;;;;;;;;;;
;;;;;;;;;;;;;;;;;;;;;;;;;
;;;;;;;;;;;;;;;;;;;;;;;;;
;;;;;;;;;;;;;;;;;;;;;;;;;
;;;;;;;;;;;;;;;;;;;;;;;;;
;;;;;;;;;;;;;;;;;;;;;;;;;
;;;;;;;;;;;;;;;;;;;;;;;;;
;;;;;;;;;;;;;;;;;;;;;;;;;
;;;;;;;;;;;;;;;;;;;;;;;;;
;;;;;;;;;;;;;;;;;;;;;;;;;
;;;;;;;;;;;;;;;;;;;;;;;;;
;;;;;;;;;;;;;;;;;;;;;;;;;
;;;;;;;;;;;;;;;;;;;;;;;;;
;;;;;;;;;;;;;;;;;;;;;;;;;
;;;;;;;;;;;;;;;;;;;;;;;;;
;;;;;;;;;;;;;;;;;;;;;;;;;
;;;;;;;;;;;;;;;;;;;;;;;;;
;;;;;;;;;;;;;;;;;;;;;;;;;
;;;;;;;;;;;;;;;;;;;;;;;;;
;;;;;;;;;;;;;;;;;;;;;;;;;
;;;;;;;;;;;;;;;;;;;;;;;;;
;;;;;;;;;;;;;;;;;;;;;;;;;
;;;;;;;;;;;;;;;;;;;;;;;;;
;;;;;;;;;;;;;;;;;;;;;;;;;
;;;;;;;;;;;;;;;;;;;;;;;;;
;;;;;;;;;;;;;;;;;;;;;;;;;
;;;;;;;;;;;;;;;;;;;;;;;;;
;;;;;;;;;;;;;;;;;;;;;;;;;
;;;;;;;;;;;;;;;;;;;;;;;;;
;;;;;;;;;;;;;;;;;;;;;;;;;
;;;;;;;;;;;;;;;;;;;;;;;;;
;;;;;;;;;;;;;;;;;;;;;;;;;
;;;;;;;;;;;;;;;;;;;;;;;;;
;;;;;;;;;;;;;;;;;;;;;;;;;
;;;;;;;;;;;;;;;;;;;;;;;;;
;;;;;;;;;;;;;;;;;;;;;;;;;
;;;;;;;;;;;;;;;;;;;;;;;;;
;;;;;;;;;;;;;;;;;;;;;;;;;
;;;;;;;;;;;;;;;;;;;;;;;;;
;;;;;;;;;;;;;;;;;;;;;;;;;
;;;;;;;;;;;;;;;;;;;;;;;;;
;;;;;;;;;;;;;;;;;;;;;;;;;
;;;;;;;;;;;;;;;;;;;;;;;;;
;;;;;;;;;;;;;;;;;;;;;;;;;
;;;;;;;;;;;;;;;;;;;;;;;;;
;;;;;;;;;;;;;;;;;;;;;;;;;
;;;;;;;;;;;;;;;;;;;;;;;;;
;;;;;;;;;;;;;;;;;;;;;;;;;
;;;;;;;;;;;;;;;;;;;;;;;;;
;;;;;;;;;;;;;;;;;;;;;;;;;
;;;;;;;;;;;;;;;;;;;;;;;;;
;;;;;;;;;;;;;;;;;;;;;;;;;
;;;;;;;;;;;;;;;;;;;;;;;;;
;;;;;;;;;;;;;;;;;;;;;;;;;
;;;;;;;;;;;;;;;;;;;;;;;;;
;;;;;;;;;;;;;;;;;;;;;;;;;
;;;;;;;;;;;;;;;;;;;;;;;;;
;;;;;;;;;;;;;;;;;;;;;;;;;
;;;;;;;;;;;;;;;;;;;;;;;;;
;;;;;;;;;;;;;;;;;;;;;;;;;
;;;;;;;;;;;;;;;;;;;;;;;;;
;;;;;;;;;;;;;;;;;;;;;;;;;
;;;;;;;;;;;;;;;;;;;;;;;;;
;;;;;;;;;;;;;;;;;;;;;;;;;
;;;;;;;;;;;;;;;;;;;;;;;;;
;;;;;;;;;;;;;;;;;;;;;;;;;
;;;;;;;;;;;;;;;;;;;;;;;;;
;;;;;;;;;;;;;;;;;;;;;;;;;
;;;;;;;;;;;;;;;;;;;;;;;;;
;;;;;;;;;;;;;;;;;;;;;;;;;
;;;;;;;;;;;;;;;;;;;;;;;;;
;;;;;;;;;;;;;;;;;;;;;;;;;
;;;;;;;;;;;;;;;;;;;;;;;;;
;;;;;;;;;;;;;;;;;;;;;;;;;
;;;;;;;;;;;;;;;;;;;;;;;;;
;;;;;;;;;;;;;;;;;;;;;;;;;
;;;;;;;;;;;;;;;;;;;;;;;;;
;;;;;;;;;;;;;;;;;;;;;;;;;
;;;;;;;;;;;;;;;;;;;;;;;;;
;;;;;;;;;;;;;;;;;;;;;;;;;
;;;;;;;;;;;;;;;;;;;;;;;;;
;;;;;;;;;;;;;;;;;;;;;;;;;
;;;;;;;;;;;;;;;;;;;;;;;;;
;;;;;;;;;;;;;;;;;;;;;;;;;
;;;;;;;;;;;;;;;;;;;;;;;;;
;;;;;;;;;;;;;;;;;;;;;;;;;
;;;;;;;;;;;;;;;;;;;;;;;;;
;;;;;;;;;;;;;;;;;;;;;;;;;
;;;;;;;;;;;;;;;;;;;;;;;;;
;;;;;;;;;;;;;;;;;;;;;;;;;
;;;;;;;;;;;;;;;;;;;;;;;;;
;;;;;;;;;;;;;;;;;;;;;;;;;
;;;;;;;;;;;;;;;;;;;;;;;;;
;;;;;;;;;;;;;;;;;;;;;;;;;
;;;;;;;;;;;;;;;;;;;;;;;;;
;;;;;;;;;;;;;;;;;;;;;;;;;
;;;;;;;;;;;;;;;;;;;;;;;;;
;;;;;;;;;;;;;;;;;;;;;;;;;
;;;;;;;;;;;;;;;;;;;;;;;;;
;;;;;;;;;;;;;;;;;;;;;;;;;
;;;;;;;;;;;;;;;;;;;;;;;;;
;;;;;;;;;;;;;;;;;;;;;;;;;
;;;;;;;;;;;;;;;;;;;;;;;;;
;;;;;;;;;;;;;;;;;;;;;;;;;
;;;;;;;;;;;;;;;;;;;;;;;;;
;;;;;;;;;;;;;;;;;;;;;;;;;
;;;;;;;;;;;;;;;;;;;;;;;;;
;;;;;;;;;;;;;;;;;;;;;;;;;
;;;;;;;;;;;;;;;;;;;;;;;;;
;;;;;;;;;;;;;;;;;;;;;;;;;
;;;;;;;;;;;;;;;;;;;;;;;;;
;;;;;;;;;;;;;;;;;;;;;;;;;
;;;;;;;;;;;;;;;;;;;;;;;;;
;;;;;;;;;;;;;;;;;;;;;;;;;
;;;;;;;;;;;;;;;;;;;;;;;;;
;;;;;;;;;;;;;;;;;;;;;;;;;
;;;;;;;;;;;;;;;;;;;;;;;;;
;;;;;;;;;;;;;;;;;;;;;;;;;
;;;;;;;;;;;;;;;;;;;;;;;;;
;;;;;;;;;;;;;;;;;;;;;;;;;
;;;;;;;;;;;;;;;;;;;;;;;;;
;;;;;;;;;;;;;;;;;;;;;;;;;
;;;;;;;;;;;;;;;;;;;;;;;;;
;;;;;;;;;;;;;;;;;;;;;;;;;
;;;;;;;;;;;;;;;;;;;;;;;;;
;;;;;;;;;;;;;;;;;;;;;;;;;
;;;;;;;;;;;;;;;;;;;;;;;;;
;;;;;;;;;;;;;;;;;;;;;;;;;
;;;;;;;;;;;;;;;;;;;;;;;;;
;;;;;;;;;;;;;;;;;;;;;;;;;
;;;;;;;;;;;;;;;;;;;;;;;;;
;;;;;;;;;;;;;;;;;;;;;;;;;
;;;;;;;;;;;;;;;;;;;;;;;;;
;;;;;;;;;;;;;;;;;;;;;;;;;
;;;;;;;;;;;;;;;;;;;;;;;;;
;;;;;;;;;;;;;;;;;;;;;;;;;
;;;;;;;;;;;;;;;;;;;;;;;;;
;;;;;;;;;;;;;;;;;;;;;;;;;
;;;;;;;;;;;;;;;;;;;;;;;;;
;;;;;;;;;;;;;;;;;;;;;;;;;
;;;;;;;;;;;;;;;;;;;;;;;;;
;;;;;;;;;;;;;;;;;;;;;;;;;
;;;;;;;;;;;;;;;;;;;;;;;;;
;;;;;;;;;;;;;;;;;;;;;;;;;
;;;;;;;;;;;;;;;;;;;;;;;;;
;;;;;;;;;;;;;;;;;;;;;;;;;
;;;;;;;;;;;;;;;;;;;;;;;;;
;;;;;;;;;;;;;;;;;;;;;;;;;
;;;;;;;;;;;;;;;;;;;;;;;;;
;;;;;;;;;;;;;;;;;;;;;;;;;
;;;;;;;;;;;;;;;;;;;;;;;;;
;;;;;;;;;;;;;;;;;;;;;;;;;
;;;;;;;;;;;;;;;;;;;;;;;;;
;;;;;;;;;;;;;;;;;;;;;;;;;
;;;;;;;;;;;;;;;;;;;;;;;;;
;;;;;;;;;;;;;;;;;;;;;;;;;
;;;;;;;;;;;;;;;;;;;;;;;;;
;;;;;;;;;;;;;;;;;;;;;;;;;
;;;;;;;;;;;;;;;;;;;;;;;;;
;;;;;;;;;;;;;;;;;;;;;;;;;
;;;;;;;;;;;;;;;;;;;;;;;;;
;;;;;;;;;;;;;;;;;;;;;;;;;
;;;;;;;;;;;;;;;;;;;;;;;;;
;;;;;;;;;;;;;;;;;;;;;;;;;
;;;;;;;;;;;;;;;;;;;;;;;;;
;;;;;;;;;;;;;;;;;;;;;;;;;
;;;;;;;;;;;;;;;;;;;;;;;;;
;;;;;;;;;;;;;;;;;;;;;;;;;
;;;;;;;;;;;;;;;;;;;;;;;;;
;;;;;;;;;;;;;;;;;;;;;;;;;
;;;;;;;;;;;;;;;;;;;;;;;;;
;;;;;;;;;;;;;;;;;;;;;;;;;
;;;;;;;;;;;;;;;;;;;;;;;;;
;;;;;;;;;;;;;;;;;;;;;;;;;
;;;;;;;;;;;;;;;;;;;;;;;;;
;;;;;;;;;;;;;;;;;;;;;;;;;
;;;;;;;;;;;;;;;;;;;;;;;;;
;;;;;;;;;;;;;;;;;;;;;;;;;
;;;;;;;;;;;;;;;;;;;;;;;;;
;;;;;;;;;;;;;;;;;;;;;;;;;
;;;;;;;;;;;;;;;;;;;;;;;;;
;;;;;;;;;;;;;;;;;;;;;;;;;
;;;;;;;;;;;;;;;;;;;;;;;;;
;;;;;;;;;;;;;;;;;;;;;;;;;
;;;;;;;;;;;;;;;;;;;;;;;;;
;;;;;;;;;;;;;;;;;;;;;;;;;
;;;;;;;;;;;;;;;;;;;;;;;;;
;;;;;;;;;;;;;;;;;;;;;;;;;
;;;;;;;;;;;;;;;;;;;;;;;;;
;;;;;;;;;;;;;;;;;;;;;;;;;
;;;;;;;;;;;;;;;;;;;;;;;;;
;;;;;;;;;;;;;;;;;;;;;;;;;
;;;;;;;;;;;;;;;;;;;;;;;;;
;;;;;;;;;;;;;;;;;;;;;;;;;
;;;;;;;;;;;;;;;;;;;;;;;;;
;;;;;;;;;;;;;;;;;;;;;;;;;
;;;;;;;;;;;;;;;;;;;;;;;;;
;;;;;;;;;;;;;;;;;;;;;;;;;
;;;;;;;;;;;;;;;;;;;;;;;;;
;;;;;;;;;;;;;;;;;;;;;;;;;
;;;;;;;;;;;;;;;;;;;;;;;;;
;;;;;;;;;;;;;;;;;;;;;;;;;
;;;;;;;;;;;;;;;;;;;;;;;;;
;;;;;;;;;;;;;;;;;;;;;;;;;
;;;;;;;;;;;;;;;;;;;;;;;;;
;;;;;;;;;;;;;;;;;;;;;;;;;
;;;;;;;;;;;;;;;;;;;;;;;;;
;;;;;;;;;;;;;;;;;;;;;;;;;
;;;;;;;;;;;;;;;;;;;;;;;;;
;;;;;;;;;;;;;;;;;;;;;;;;;
;;;;;;;;;;;;;;;;;;;;;;;;;
;;;;;;;;;;;;;;;;;;;;;;;;;
;;;;;;;;;;;;;;;;;;;;;;;;;
;;;;;;;;;;;;;;;;;;;;;;;;;
;;;;;;;;;;;;;;;;;;;;;;;;;
;;;;;;;;;;;;;;;;;;;;;;;;;
;;;;;;;;;;;;;;;;;;;;;;;;;
;;;;;;;;;;;;;;;;;;;;;;;;;
;;;;;;;;;;;;;;;;;;;;;;;;;
;;;;;;;;;;;;;;;;;;;;;;;;;
;;;;;;;;;;;;;;;;;;;;;;;;;
;;;;;;;;;;;;;;;;;;;;;;;;;
;;;;;;;;;;;;;;;;;;;;;;;;;
;;;;;;;;;;;;;;;;;;;;;;;;;
;;;;;;;;;;;;;;;;;;;;;;;;;
;;;;;;;;;;;;;;;;;;;;;;;;;
;;;;;;;;;;;;;;;;;;;;;;;;;
;;;;;;;;;;;;;;;;;;;;;;;;;
;;;;;;;;;;;;;;;;;;;;;;;;;
;;;;;;;;;;;;;;;;;;;;;;;;;
;;;;;;;;;;;;;;;;;;;;;;;;;
;;;;;;;;;;;;;;;;;;;;;;;;;
;;;;;;;;;;;;;;;;;;;;;;;;;
;;;;;;;;;;;;;;;;;;;;;;;;;
;;;;;;;;;;;;;;;;;;;;;;;;;
;;;;;;;;;;;;;;;;;;;;;;;;;
;;;;;;;;;;;;;;;;;;;;;;;;;
;;;;;;;;;;;;;;;;;;;;;;;;;
;;;;;;;;;;;;;;;;;;;;;;;;;
;;;;;;;;;;;;;;;;;;;;;;;;;
;;;;;;;;;;;;;;;;;;;;;;;;;
;;;;;;;;;;;;;;;;;;;;;;;;;
;;;;;;;;;;;;;;;;;;;;;;;;;
;;;;;;;;;;;;;;;;;;;;;;;;;
;;;;;;;;;;;;;;;;;;;;;;;;;
;;;;;;;;;;;;;;;;;;;;;;;;;
;;;;;;;;;;;;;;;;;;;;;;;;;
;;;;;;;;;;;;;;;;;;;;;;;;;
;;;;;;;;;;;;;;;;;;;;;;;;;
;;;;;;;;;;;;;;;;;;;;;;;;;
;;;;;;;;;;;;;;;;;;;;;;;;;
;;;;;;;;;;;;;;;;;;;;;;;;;
;;;;;;;;;;;;;;;;;;;;;;;;;
;;;;;;;;;;;;;;;;;;;;;;;;;
;;;;;;;;;;;;;;;;;;;;;;;;;
;;;;;;;;;;;;;;;;;;;;;;;;;
;;;;;;;;;;;;;;;;;;;;;;;;;
;;;;;;;;;;;;;;;;;;;;;;;;;
;;;;;;;;;;;;;;;;;;;;;;;;;
;;;;;;;;;;;;;;;;;;;;;;;;;
;;;;;;;;;;;;;;;;;;;;;;;;;
;;;;;;;;;;;;;;;;;;;;;;;;;
;;;;;;;;;;;;;;;;;;;;;;;;;
;;;;;;;;;;;;;;;;;;;;;;;;;
;;;;;;;;;;;;;;;;;;;;;;;;;
;;;;;;;;;;;;;;;;;;;;;;;;;
;;;;;;;;;;;;;;;;;;;;;;;;;
;;;;;;;;;;;;;;;;;;;;;;;;;
;;;;;;;;;;;;;;;;;;;;;;;;;
;;;;;;;;;;;;;;;;;;;;;;;;;
;;;;;;;;;;;;;;;;;;;;;;;;;
;;;;;;;;;;;;;;;;;;;;;;;;;
;;;;;;;;;;;;;;;;;;;;;;;;;
;;;;;;;;;;;;;;;;;;;;;;;;;
;;;;;;;;;;;;;;;;;;;;;;;;;
;;;;;;;;;;;;;;;;;;;;;;;;;
;;;;;;;;;;;;;;;;;;;;;;;;;
;;;;;;;;;;;;;;;;;;;;;;;;;
;;;;;;;;;;;;;;;;;;;;;;;;;
;;;;;;;;;;;;;;;;;;;;;;;;;
;;;;;;;;;;;;;;;;;;;;;;;;;
;;;;;;;;;;;;;;;;;;;;;;;;;
;;;;;;;;;;;;;;;;;;;;;;;;;
;;;;;;;;;;;;;;;;;;;;;;;;;
;;;;;;;;;;;;;;;;;;;;;;;;;
;;;;;;;;;;;;;;;;;;;;;;;;;
;;;;;;;;;;;;;;;;;;;;;;;;;
;;;;;;;;;;;;;;;;;;;;;;;;;
;;;;;;;;;;;;;;;;;;;;;;;;;
;;;;;;;;;;;;;;;;;;;;;;;;;
;;;;;;;;;;;;;;;;;;;;;;;;;
;;;;;;;;;;;;;;;;;;;;;;;;;
;;;;;;;;;;;;;;;;;;;;;;;;;
;;;;;;;;;;;;;;;;;;;;;;;;;
;;;;;;;;;;;;;;;;;;;;;;;;;
;;;;;;;;;;;;;;;;;;;;;;;;;
;;;;;;;;;;;;;;;;;;;;;;;;;
;;;;;;;;;;;;;;;;;;;;;;;;;
;;;;;;;;;;;;;;;;;;;;;;;;;
;;;;;;;;;;;;;;;;;;;;;;;;;
;;;;;;;;;;;;;;;;;;;;;;;;;
;;;;;;;;;;;;;;;;;;;;;;;;;
;;;;;;;;;;;;;;;;;;;;;;;;;
;;;;;;;;;;;;;;;;;;;;;;;;;
;;;;;;;;;;;;;;;;;;;;;;;;;
;;;;;;;;;;;;;;;;;;;;;;;;;
;;;;;;;;;;;;;;;;;;;;;;;;;
;;;;;;;;;;;;;;;;;;;;;;;;;
;;;;;;;;;;;;;;;;;;;;;;;;;
;;;;;;;;;;;;;;;;;;;;;;;;;
;;;;;;;;;;;;;;;;;;;;;;;;;
;;;;;;;;;;;;;;;;;;;;;;;;;
;;;;;;;;;;;;;;;;;;;;;;;;;
;;;;;;;;;;;;;;;;;;;;;;;;;
;;;;;;;;;;;;;;;;;;;;;;;;;
;;;;;;;;;;;;;;;;;;;;;;;;;
;;;;;;;;;;;;;;;;;;;;;;;;;
;;;;;;;;;;;;;;;;;;;;;;;;;
;;;;;;;;;;;;;;;;;;;;;;;;;
;;;;;;;;;;;;;;;;;;;;;;;;;
;;;;;;;;;;;;;;;;;;;;;;;;;
;;;;;;;;;;;;;;;;;;;;;;;;;
;;;;;;;;;;;;;;;;;;;;;;;;;
;;;;;;;;;;;;;;;;;;;;;;;;;
;;;;;;;;;;;;;;;;;;;;;;;;;
;;;;;;;;;;;;;;;;;;;;;;;;;
;;;;;;;;;;;;;;;;;;;;;;;;;
;;;;;;;;;;;;;;;;;;;;;;;;;
;;;;;;;;;;;;;;;;;;;;;;;;;
;;;;;;;;;;;;;;;;;;;;;;;;;
;;;;;;;;;;;;;;;;;;;;;;;;;
;;;;;;;;;;;;;;;;;;;;;;;;;
;;;;;;;;;;;;;;;;;;;;;;;;;
;;;;;;;;;;;;;;;;;;;;;;;;;
;;;;;;;;;;;;;;;;;;;;;;;;;
;;;;;;;;;;;;;;;;;;;;;;;;;
;;;;;;;;;;;;;;;;;;;;;;;;;
;;;;;;;;;;;;;;;;;;;;;;;;;
;;;;;;;;;;;;;;;;;;;;;;;;;
;;;;;;;;;;;;;;;;;;;;;;;;;
;;;;;;;;;;;;;;;;;;;;;;;;;
;;;;;;;;;;;;;;;;;;;;;;;;;
;;;;;;;;;;;;;;;;;;;;;;;;;
;;;;;;;;;;;;;;;;;;;;;;;;;
;;;;;;;;;;;;;;;;;;;;;;;;;
;;;;;;;;;;;;;;;;;;;;;;;;;
;;;;;;;;;;;;;;;;;;;;;;;;;
;;;;;;;;;;;;;;;;;;;;;;;;;
;;;;;;;;;;;;;;;;;;;;;;;;;
;;;;;;;;;;;;;;;;;;;;;;;;;
;;;;;;;;;;;;;;;;;;;;;;;;;
;;;;;;;;;;;;;;;;;;;;;;;;;
;;;;;;;;;;;;;;;;;;;;;;;;;
;;;;;;;;;;;;;;;;;;;;;;;;;
;;;;;;;;;;;;;;;;;;;;;;;;;
;;;;;;;;;;;;;;;;;;;;;;;;;
;;;;;;;;;;;;;;;;;;;;;;;;;
;;;;;;;;;;;;;;;;;;;;;;;;;
;;;;;;;;;;;;;;;;;;;;;;;;;
;;;;;;;;;;;;;;;;;;;;;;;;;
;;;;;;;;;;;;;;;;;;;;;;;;;
;;;;;;;;;;;;;;;;;;;;;;;;;
;;;;;;;;;;;;;;;;;;;;;;;;;
;;;;;;;;;;;;;;;;;;;;;;;;;
;;;;;;;;;;;;;;;;;;;;;;;;;
;;;;;;;;;;;;;;;;;;;;;;;;;
;;;;;;;;;;;;;;;;;;;;;;;;;
;;;;;;;;;;;;;;;;;;;;;;;;;
;;;;;;;;;;;;;;;;;;;;;;;;;
;;;;;;;;;;;;;;;;;;;;;;;;;
;;;;;;;;;;;;;;;;;;;;;;;;;
;;;;;;;;;;;;;;;;;;;;;;;;;
;;;;;;;;;;;;;;;;;;;;;;;;;
;;;;;;;;;;;;;;;;;;;;;;;;;
;;;;;;;;;;;;;;;;;;;;;;;;;
;;;;;;;;;;;;;;;;;;;;;;;;;
;;;;;;;;;;;;;;;;;;;;;;;;;
;;;;;;;;;;;;;;;;;;;;;;;;;
;;;;;;;;;;;;;;;;;;;;;;;;;
;;;;;;;;;;;;;;;;;;;;;;;;;
;;;;;;;;;;;;;;;;;;;;;;;;;
;;;;;;;;;;;;;;;;;;;;;;;;;
;;;;;;;;;;;;;;;;;;;;;;;;;
;;;;;;;;;;;;;;;;;;;;;;;;;
;;;;;;;;;;;;;;;;;;;;;;;;;
;;;;;;;;;;;;;;;;;;;;;;;;;
;;;;;;;;;;;;;;;;;;;;;;;;;
;;;;;;;;;;;;;;;;;;;;;;;;;
;;;;;;;;;;;;;;;;;;;;;;;;;
;;;;;;;;;;;;;;;;;;;;;;;;;
;;;;;;;;;;;;;;;;;;;;;;;;;
;;;;;;;;;;;;;;;;;;;;;;;;;
;;;;;;;;;;;;;;;;;;;;;;;;;
;;;;;;;;;;;;;;;;;;;;;;;;;
;;;;;;;;;;;;;;;;;;;;;;;;;
;;;;;;;;;;;;;;;;;;;;;;;;;
;;;;;;;;;;;;;;;;;;;;;;;;;
;;;;;;;;;;;;;;;;;;;;;;;;;
;;;;;;;;;;;;;;;;;;;;;;;;;
;;;;;;;;;;;;;;;;;;;;;;;;;
;;;;;;;;;;;;;;;;;;;;;;;;;
;;;;;;;;;;;;;;;;;;;;;;;;;
;;;;;;;;;;;;;;;;;;;;;;;;;
;;;;;;;;;;;;;;;;;;;;;;;;;
;;;;;;;;;;;;;;;;;;;;;;;;;
;;;;;;;;;;;;;;;;;;;;;;;;;
;;;;;;;;;;;;;;;;;;;;;;;;;
;;;;;;;;;;;;;;;;;;;;;;;;;
;;;;;;;;;;;;;;;;;;;;;;;;;
;;;;;;;;;;;;;;;;;;;;;;;;;
;;;;;;;;;;;;;;;;;;;;;;;;;
;;;;;;;;;;;;;;;;;;;;;;;;;
;;;;;;;;;;;;;;;;;;;;;;;;;
;;;;;;;;;;;;;;;;;;;;;;;;;
;;;;;;;;;;;;;;;;;;;;;;;;;
;;;;;;;;;;;;;;;;;;;;;;;;;
;;;;;;;;;;;;;;;;;;;;;;;;;
;;;;;;;;;;;;;;;;;;;;;;;;;
;;;;;;;;;;;;;;;;;;;;;;;;;
;;;;;;;;;;;;;;;;;;;;;;;;;
;;;;;;;;;;;;;;;;;;;;;;;;;
;;;;;;;;;;;;;;;;;;;;;;;;;
;;;;;;;;;;;;;;;;;;;;;;;;;
;;;;;;;;;;;;;;;;;;;;;;;;;
;;;;;;;;;;;;;;;;;;;;;;;;;
;;;;;;;;;;;;;;;;;;;;;;;;;
;;;;;;;;;;;;;;;;;;;;;;;;;
;;;;;;;;;;;;;;;;;;;;;;;;;
;;;;;;;;;;;;;;;;;;;;;;;;;
;;;;;;;;;;;;;;;;;;;;;;;;;
;;;;;;;;;;;;;;;;;;;;;;;;;
;;;;;;;;;;;;;;;;;;;;;;;;;
;;;;;;;;;;;;;;;;;;;;;;;;;
;;;;;;;;;;;;;;;;;;;;;;;;;
;;;;;;;;;;;;;;;;;;;;;;;;;
;;;;;;;;;;;;;;;;;;;;;;;;;
;;;;;;;;;;;;;;;;;;;;;;;;;
;;;;;;;;;;;;;;;;;;;;;;;;;
;;;;;;;;;;;;;;;;;;;;;;;;;
;;;;;;;;;;;;;;;;;;;;;;;;;
;;;;;;;;;;;;;;;;;;;;;;;;;
;;;;;;;;;;;;;;;;;;;;;;;;;
;;;;;;;;;;;;;;;;;;;;;;;;;
;;;;;;;;;;;;;;;;;;;;;;;;;
;;;;;;;;;;;;;;;;;;;;;;;;;
;;;;;;;;;;;;;;;;;;;;;;;;;
;;;;;;;;;;;;;;;;;;;;;;;;;
;;;;;;;;;;;;;;;;;;;;;;;;;
;;;;;;;;;;;;;;;;;;;;;;;;;
;;;;;;;;;;;;;;;;;;;;;;;;;
;;;;;;;;;;;;;;;;;;;;;;;;;
;;;;;;;;;;;;;;;;;;;;;;;;;
;;;;;;;;;;;;;;;;;;;;;;;;;
;;;;;;;;;;;;;;;;;;;;;;;;;
;;;;;;;;;;;;;;;;;;;;;;;;;
;;;;;;;;;;;;;;;;;;;;;;;;;
;;;;;;;;;;;;;;;;;;;;;;;;;
;;;;;;;;;;;;;;;;;;;;;;;;;
;;;;;;;;;;;;;;;;;;;;;;;;;
;;;;;;;;;;;;;;;;;;;;;;;;;
;;;;;;;;;;;;;;;;;;;;;;;;;
;;;;;;;;;;;;;;;;;;;;;;;;;
;;;;;;;;;;;;;;;;;;;;;;;;;
;;;;;;;;;;;;;;;;;;;;;;;;;
;;;;;;;;;;;;;;;;;;;;;;;;;
;;;;;;;;;;;;;;;;;;;;;;;;;
;;;;;;;;;;;;;;;;;;;;;;;;;
;;;;;;;;;;;;;;;;;;;;;;;;;
;;;;;;;;;;;;;;;;;;;;;;;;;
;;;;;;;;;;;;;;;;;;;;;;;;;
;;;;;;;;;;;;;;;;;;;;;;;;;
;;;;;;;;;;;;;;;;;;;;;;;;;
;;;;;;;;;;;;;;;;;;;;;;;;;
;;;;;;;;;;;;;;;;;;;;;;;;;
;;;;;;;;;;;;;;;;;;;;;;;;;
;;;;;;;;;;;;;;;;;;;;;;;;;
;;;;;;;;;;;;;;;;;;;;;;;;;
;;;;;;;;;;;;;;;;;;;;;;;;;
;;;;;;;;;;;;;;;;;;;;;;;;;
;;;;;;;;;;;;;;;;;;;;;;;;;
;;;;;;;;;;;;;;;;;;;;;;;;;
;;;;;;;;;;;;;;;;;;;;;;;;;
;;;;;;;;;;;;;;;;;;;;;;;;;
;;;;;;;;;;;;;;;;;;;;;;;;;
;;;;;;;;;;;;;;;;;;;;;;;;;
;;;;;;;;;;;;;;;;;;;;;;;;;
;;;;;;;;;;;;;;;;;;;;;;;;;
;;;;;;;;;;;;;;;;;;;;;;;;;
;;;;;;;;;;;;;;;;;;;;;;;;;
;;;;;;;;;;;;;;;;;;;;;;;;;
;;;;;;;;;;;;;;;;;;;;;;;;;
;;;;;;;;;;;;;;;;;;;;;;;;;
;;;;;;;;;;;;;;;;;;;;;;;;;
;;;;;;;;;;;;;;;;;;;;;;;;;
;;;;;;;;;;;;;;;;;;;;;;;;;
;;;;;;;;;;;;;;;;;;;;;;;;;
